SMILES,AcidChloride,Alcohol,Aldehyde,Alkane,Alkene,Alkyne,Amide,Amidine,Amine,Aniline,Azide,Azo,Benzene,Benzodiazepine,Boronate,Carbamate,Carbodiimide,Carbonate,CarboxylicAcid,Cyano,Cyclopropane,Diazo,Diazonium,Disulfide,Enamine,Ester,Ether,Fluoro,Guanidine,Halo,Hydrazide,Hydrazine,Hydrazone,Hydroxamate,Imide,Imidazole,Imine,Isonitrile,Isocyanate,Isothiocyanate,Ketone,Lactam,Lactone,Methoxy,Nitrile,Nitro,Nitroso,Oxime,Phenol,Phosphate,Phosphine,Phosphodiester,Phosphonate,Propargyl,Pyridine,Quinoline,Semicarbazone,Sulfate,Sulfide,Sulfinamide,Sulfonamide,Sulfone,SulfonicAcid,SulfonylChloride,Sulfoxide,TerminalAlkyne,Tetrazole,Thial,Thioamide,Thiocarbamate,Thiocyanate,Thioester,Thioether,Thiol,Thione,Thiophene,Thiourea,Triazole,Urea,Vinyl,Xylyl,file_name
[H]c1sc(-c2nc3sc(C(=O)C([H])([H])[H])c(N([H])[H])c3c(C(F)(F)F)c2[H])c([H])c1[H],0,0,1,2,0,0,0,0,1,0,0,0,0,0,0,0,0,0,0,0,0,0,0,0,0,0,0,3,0,3,0,0,0,0,0,0,0,0,0,0,0,0,0,0,0,0,0,0,0,0,0,0,0,0,1,0,0,0,0,0,0,0,0,0,0,0,0,0,0,0,0,0,0,0,0,2,0,0,0,0,0,1798_actives_new.sdf
[H]c1nc([H])c(C(=O)/N=c2\c(C(=O)OC([H])([H])C([H])([H])[H])c([H])c3c(=O)n4c([H])c([H])c([H])c([H])c4nc3n2C([H])([H])c2oc([H])c([H])c2[H])c([H])c1[H],0,0,2,3,0,0,1,0,1,0,0,0,0,0,0,0,0,0,1,0,0,0,0,0,0,1,1,0,0,0,0,0,0,0,0,0,0,0,0,0,0,0,0,1,0,0,0,0,0,0,0,0,0,0,3,0,0,0,0,0,0,0,0,0,0,0,0,0,0,0,0,0,0,0,0,0,0,0,0,0,0,1798_actives_new.sdf
[H]c1c([H])c([H])c(-c2nc(SC([H])([H])c3nc(N([H])[H])nc(N([H])c4c([H])c([H])c([H])c([H])c4[H])n3)nn2[H])c([H])c1[H],0,0,0,1,0,0,0,0,2,1,0,0,2,0,0,0,0,0,0,0,0,0,0,0,0,0,0,0,0,0,0,0,0,0,0,0,0,0,0,0,0,0,0,0,0,0,0,0,0,0,0,0,0,0,0,0,0,0,1,0,0,0,0,0,0,0,0,0,0,0,0,0,0,0,0,0,0,1,0,0,0,1798_actives_new.sdf
[H]OC(=O)[C@@]1([H])N(C2([H])C([H])([H])C([H])([H])C([H])([H])C2([H])[H])C(=O)C([H])([H])C1([H])[H],0,1,2,8,0,0,1,0,1,0,0,0,0,0,0,0,0,0,1,0,0,0,0,0,0,0,0,0,0,0,0,0,0,0,0,0,0,0,0,0,0,1,0,0,0,0,0,0,0,0,0,0,0,0,0,0,0,0,0,0,0,0,0,0,0,0,0,0,0,0,0,0,0,0,0,0,0,0,0,0,0,1798_actives_new.sdf
[H]c1nc2c(S(=O)(=O)N3C([H])([H])C([H])([H])C([H])([H])[C@@]([H])(C(=O)N([H])c4c([H])c([H])c(OC([H])([H])[H])c([H])c4OC([H])([H])[H])C3([H])[H])c([H])c([H])c([H])c2c([H])c1[H],0,0,1,7,0,0,1,0,2,1,0,0,2,0,0,0,0,0,0,0,0,0,0,0,0,0,0,0,0,0,0,0,0,0,0,0,0,0,0,0,0,0,0,0,0,0,0,0,2,0,0,0,0,0,1,0,0,0,0,2,1,0,0,0,0,0,0,0,0,0,0,0,0,0,0,0,0,0,0,0,0,1798_actives_new.sdf
[H]OC([H])([H])C([H])([H])C([H])([H])C1=NC2=NC(c3c([H])c([H])c([H])c([H])c3[H])=C([H])[C@]([H])(c3c([H])c([H])c(OC([H])([H])[H])c([H])c3[H])N2N1[H],0,1,0,5,1,0,0,3,4,0,0,0,2,0,0,0,0,0,0,0,0,0,0,0,0,0,0,0,1,0,0,1,0,0,0,0,2,0,0,0,0,0,0,0,0,0,0,0,1,0,0,0,0,0,0,0,0,0,0,0,0,0,0,0,0,0,0,0,0,0,0,0,0,0,0,0,0,0,0,1,0,1798_actives_new.sdf
[H]c1oc(C(=O)N([H])c2c([H])c(OC([H])([H])[H])c(N([H])C(=O)C([H])([H])Sc3nnc(-c4sc([H])c([H])c4[H])n3C([H])([H])[H])c([H])c2OC([H])([H])[H])c([H])c1[H],0,0,2,4,0,0,2,0,2,2,0,0,1,0,0,0,0,0,0,0,0,0,0,0,0,0,0,0,0,0,0,0,0,0,0,0,0,0,0,0,0,0,0,0,0,0,0,0,2,0,0,0,0,0,0,0,0,0,1,0,0,0,0,0,0,0,0,0,0,0,0,0,0,0,0,1,0,1,0,0,0,1798_actives_new.sdf
[H]c1c2c(c([H])c3c1c([H])c(C([H])([H])N(C([H])([H])c1nnnn1C([H])([H])[C@]1([H])OC([H])([H])C([H])([H])C1([H])[H])C1([H])C([H])([H])C([H])([H])C([H])([H])C([H])([H])C1([H])[H])c(=O)n3[H])OC([H])([H])O2,0,0,0,14,0,0,0,0,1,0,0,0,1,0,0,0,0,0,0,0,0,0,0,0,0,0,1,0,0,0,0,0,0,0,0,0,0,0,0,0,0,0,0,1,0,0,0,0,2,0,0,0,0,0,1,0,0,0,0,0,0,0,0,0,0,0,1,0,0,0,0,0,0,0,0,0,0,0,0,0,0,1798_actives_new.sdf
[H]c1oc(-c2nc3c([H])c([H])c(N([H])C(=O)N4C([H])([H])C([H])([H])C([H])([H])C([H])([H])C([H])([H])C4([H])[H])c([H])c3nc2-c2oc([H])c([H])c2[H])c([H])c1[H],0,0,1,6,0,0,2,0,2,1,0,0,1,0,0,0,0,0,0,0,0,0,0,0,0,0,0,0,0,0,0,0,0,0,0,0,0,0,0,0,0,0,0,0,0,0,0,0,0,0,0,0,0,0,0,0,0,0,0,0,0,0,0,0,0,0,0,0,0,0,0,0,0,0,0,0,0,0,1,0,0,1798_actives_new.sdf
[H]c1oc(-c2nc3c([H])c([H])c(N([H])C(=O)N4C([H])([H])C([H])([H])C([H])(C(=O)OC([H])([H])C([H])([H])[H])C([H])([H])C4([H])[H])c([H])c3nc2-c2oc([H])c([H])c2[H])c([H])c1[H],0,0,2,7,0,0,2,0,2,1,0,0,1,0,0,0,0,0,1,0,0,0,0,0,0,1,1,0,0,0,0,0,0,0,0,0,0,0,0,0,0,0,0,1,0,0,0,0,0,0,0,0,0,0,0,0,0,0,0,0,0,0,0,0,0,0,0,0,0,0,0,0,0,0,0,0,0,0,1,0,0,1798_actives_new.sdf
[H]c1c(C(=O)N([H])C([H])([H])C([H])([H])N(C([H])([H])C([H])([H])[H])C([H])([H])C([H])([H])[H])c([H])c2c(c1[H])c(=O)n(C([H])([H])C([H])([H])C([H])([H])C([H])([H])C([H])([H])[H])c(=O)n2[H],0,0,1,11,0,0,1,0,2,0,0,0,1,0,0,0,0,0,0,0,0,0,0,0,0,0,0,0,0,0,0,0,0,0,0,0,0,0,0,0,0,0,0,0,0,0,0,0,0,0,0,0,0,0,0,0,0,0,0,0,0,0,0,0,0,0,0,0,0,0,0,0,0,0,0,0,0,0,0,0,0,1798_actives_new.sdf
[H]c1c([H])c(C(=O)N([H])C([H])([H])C([H])([H])N([H])C2([H])C([H])([H])C([H])([H])N(C(=O)OC([H])([H])C([H])([H])[H])C([H])([H])C2([H])[H])c([H])c([H])c1Cl,0,0,2,9,0,0,2,0,3,0,0,0,1,0,0,1,0,0,1,0,0,0,0,0,0,1,1,0,0,1,0,0,0,0,0,0,0,0,0,0,0,0,0,1,0,0,0,0,0,0,0,0,0,0,0,0,0,0,0,0,0,0,0,0,0,0,0,0,0,0,0,0,0,0,0,0,0,0,0,0,0,1798_actives_new.sdf
[H]c1c(N([H])C(=O)C([H])([H])Sc2c([H])n(C([H])([H])C([H])([H])N([H])C(=O)c3c([H])c([H])c(OC([H])([H])[H])c(OC([H])([H])[H])c3[H])c3c([H])c([H])c([H])c([H])c23)noc1C([H])([H])[H],0,0,2,6,0,0,2,0,2,0,0,0,2,0,0,0,0,0,0,0,0,0,0,0,0,0,0,0,0,0,0,0,0,0,0,0,0,0,0,0,0,0,0,0,0,0,0,0,2,0,0,0,0,0,0,0,0,0,1,0,0,0,0,0,0,0,0,0,0,0,0,0,0,0,0,0,0,0,0,0,0,1798_actives_new.sdf
[H]c1c(C(=O)N2C([H])([H])C([H])([H])N(c3c([H])c([H])c([H])c(Cl)c3[H])C([H])([H])C2([H])[H])oc(C([H])([H])S(=O)(=O)c2c([H])c([H])c([H])c([H])c2OC([H])([H])[H])c1[H],0,0,1,6,0,0,1,0,2,1,0,0,2,0,0,0,0,0,0,0,0,0,0,0,0,0,0,0,0,1,0,0,0,0,0,0,0,0,0,0,0,0,0,0,0,0,0,0,1,0,0,0,0,0,0,0,0,0,1,0,0,0,0,0,0,0,0,0,0,0,0,0,0,0,0,0,0,0,0,0,0,1798_actives_new.sdf
[H]O[C@]([H])(C([H])([H])Oc1c([H])c([H])c(OC([H])([H])[H])c([H])c1C(C([H])([H])[H])(C([H])([H])[H])C([H])([H])[H])C([H])([H])N1C([H])([H])C([H])([H])C([H])([H])[C@@]([H])(C(=O)OC([H])([H])C([H])([H])[H])C1([H])[H],0,1,1,15,0,0,0,0,1,0,0,0,1,0,0,0,0,0,1,0,0,0,0,0,0,1,1,0,0,0,0,0,0,0,0,0,0,0,0,0,0,0,0,1,0,0,0,0,2,0,0,0,0,0,0,0,0,0,0,0,0,0,0,0,0,0,0,0,0,0,0,0,0,0,0,0,0,0,0,0,0,1798_actives_new.sdf
[H]/N=c1\c(C(=O)N([H])C([H])([H])c2oc([H])c([H])c2[H])c([H])c2c(=O)n3c([H])c([H])c([H])c(C([H])([H])[H])c3nc2n1C([H])([H])C([H])([H])OC([H])([H])C([H])([H])O[H],0,1,1,6,0,0,1,0,2,0,0,0,0,0,0,0,0,0,0,0,0,0,0,0,0,0,1,0,0,0,0,0,0,0,0,0,0,0,0,0,0,0,0,1,0,0,0,0,0,0,0,0,0,0,2,0,0,0,0,0,0,0,0,0,0,0,0,0,0,0,0,0,0,0,0,0,0,0,0,0,0,1798_actives_new.sdf
[H]c1c(N([H])[H])c([H])c2oc(=O)c([H])c(C(F)(F)F)c2c1[H],0,0,0,1,0,0,0,0,1,1,0,0,1,0,0,0,0,0,0,0,0,0,0,0,0,0,0,3,0,3,0,0,0,0,0,0,0,0,0,0,0,0,0,0,0,0,0,0,0,0,0,0,0,0,0,0,0,0,0,0,0,0,0,0,0,0,0,0,0,0,0,0,0,0,0,0,0,0,0,0,0,1798_actives_new.sdf
[H]C1=NC2=NC(c3c([H])c([H])c([H])c([H])c3[H])=C([H])[C@]([H])(c3c([H])c([H])c(OC([H])([H])[H])c([H])c3[H])N2N1[H],0,0,0,2,1,0,0,3,4,0,0,0,2,0,0,0,0,0,0,0,0,0,0,0,0,0,0,0,1,0,0,1,0,0,0,0,2,0,0,0,0,0,0,0,0,0,0,0,1,0,0,0,0,0,0,0,0,0,0,0,0,0,0,0,0,0,0,0,0,0,0,0,0,0,0,0,0,0,0,1,0,1798_actives_new.sdf
[H]OC(=O)c1c([H])c([H])c([H])c([H])c1N([H])C([H])([H])N1C(=O)[C@]2([H])C([H])([H])C([H])=C(Cl)C([H])([H])[C@@]2([H])C1=O,0,1,3,5,1,0,2,0,2,1,0,0,1,0,0,0,0,0,1,0,0,0,0,0,0,0,0,0,0,1,0,0,0,0,1,0,0,0,0,0,0,2,0,0,0,0,0,0,0,0,0,0,0,0,0,0,0,0,0,0,0,0,0,0,0,0,0,0,0,0,0,0,0,0,0,0,0,0,0,1,0,1798_actives_new.sdf
[H]c1c([H])c(N2C(=O)C([H])([H])[C@]([H])(N3C([H])([H])C([H])([H])C([H])([H])[C@@]([H])(C(=O)OC([H])([H])C([H])([H])[H])C3([H])[H])C2=O)c([H])c(C(F)(F)F)c1[H],0,0,3,10,0,0,2,0,2,1,0,0,1,0,0,0,0,0,1,0,0,0,0,0,0,1,1,3,0,3,0,0,0,0,1,0,0,0,0,0,0,2,0,1,0,0,0,0,0,0,0,0,0,0,0,0,0,0,0,0,0,0,0,0,0,0,0,0,0,0,0,0,0,0,0,0,0,0,0,0,0,1798_actives_new.sdf
[H]C1=NC2=NC(c3c([H])c([H])c(Cl)c([H])c3OC([H])(F)F)=C([H])[C@]([H])(c3c([H])c([H])c(N(C([H])([H])[H])C([H])([H])[H])c([H])c3[H])N2N1[H],0,0,0,4,1,0,0,3,5,1,0,0,2,0,0,0,0,0,0,0,0,0,0,0,0,0,0,2,1,3,0,1,0,0,0,0,2,0,0,0,0,0,0,0,0,0,0,0,1,0,0,0,0,0,0,0,0,0,0,0,0,0,0,0,0,0,0,0,0,0,0,0,0,0,0,0,0,0,0,1,0,1798_actives_new.sdf
[H]c1c(N(C([H])([H])C([H])([H])[H])C([H])([H])C([H])([H])[H])c([H])c2nc(C([H])([H])[H])c(=O)oc2c1[H],0,0,0,5,0,0,0,0,1,1,0,0,1,0,0,0,0,0,0,0,0,0,0,0,0,0,0,0,0,0,0,0,0,0,0,0,0,0,0,0,0,0,0,0,0,0,0,0,0,0,0,0,0,0,0,0,0,0,0,0,0,0,0,0,0,0,0,0,0,0,0,0,0,0,0,0,0,0,0,0,0,1798_actives_new.sdf
[H]C1=C([H])[C@]2([H])C([H])([H])[C@@]1([H])C([H])([H])[C@@]2([H])C([H])([H])N1C([H])([H])C([H])([H])N(S(=O)(=O)C([H])([H])[H])C([H])([H])C1([H])[H],0,0,0,11,1,0,0,0,2,0,0,0,0,0,0,0,0,0,0,0,0,0,0,0,0,0,0,0,0,0,0,0,0,0,0,0,0,0,0,0,0,0,0,0,0,0,0,0,0,0,0,0,0,0,0,0,0,0,1,2,1,0,0,0,0,0,0,0,0,0,0,0,0,0,0,0,0,0,0,1,0,1798_actives_new.sdf
[H]c1c([H])c([H])c2nc3c(nc2c1[H])c(C(=O)N([H])C([H])([H])[C@@]1([H])OC([H])([H])C([H])([H])C1([H])[H])c(N([H])[H])n3C([H])([H])C([H])([H])OC([H])([H])[H],0,0,1,8,0,0,1,0,2,0,0,0,1,0,0,0,0,0,0,0,0,0,0,0,0,0,2,0,0,0,0,0,0,0,0,0,0,0,0,0,0,0,0,2,0,0,0,0,0,0,0,0,0,0,0,0,0,0,0,0,0,0,0,0,0,0,0,0,0,0,0,0,0,0,0,0,0,0,0,0,0,1798_actives_new.sdf
[H]c1c([H])c([H])c2c(c1[H])c1c(c([H])c(C(=O)N([H])C3([H])C([H])([H])C([H])([H])C([H])([H])C3([H])[H])n1C([H])([H])[H])c(=O)n2C([H])([H])[H],0,0,1,7,0,0,1,0,1,0,0,0,1,0,0,0,0,0,0,0,0,0,0,0,0,0,0,0,0,0,0,0,0,0,0,0,0,0,0,0,0,0,0,0,0,0,0,0,0,0,0,0,0,0,1,0,0,0,0,0,0,0,0,0,0,0,0,0,0,0,0,0,0,0,0,0,0,0,0,0,0,1798_actives_new.sdf
[H]C1=C2C(C#N)=C(N([H])[H])C(C#N)(C#N)[C@@]([H])(C([H])([H])C([H])([H])c3c([H])c([H])c([H])c([H])c3[H])[C@@]2([H])C([H])([H])N(C([H])([H])C([H])([H])[H])C1([H])[H],0,0,0,9,2,0,0,0,5,0,0,0,1,0,0,0,0,0,0,3,0,0,0,0,1,0,0,0,0,0,0,0,0,0,0,0,0,0,0,0,0,0,0,0,3,0,0,0,0,0,0,0,0,0,0,0,0,0,0,0,0,0,0,0,0,0,0,0,0,0,0,0,0,0,0,0,0,0,0,2,0,1798_actives_new.sdf
[H]c1c(C([H])([H])[H])c([H])c2nc(-n3nc(C([H])([H])[H])c([H])c3C([H])([H])[H])c(N([H])c3c([H])c([H])c4c(c3[H])n([H])c(=O)n4[H])nc2c1[H],0,0,0,3,0,0,0,0,1,1,0,0,2,0,0,0,0,0,0,0,0,0,0,0,0,0,0,0,0,0,0,0,0,0,0,1,0,0,0,0,0,0,0,0,0,0,0,0,0,0,0,0,0,0,0,0,0,0,0,0,0,0,0,0,0,0,0,0,0,0,0,0,0,0,0,0,0,0,0,0,0,1798_actives_new.sdf
[H]Oc1c([H])c([H])c([C@]([H])(C([H])([H])[H])C([H])([H])C([H])([H])[H])c([H])c1N([H])C(=O)c1nc([H])nn1[H],0,1,1,4,0,0,1,0,1,1,0,0,1,0,0,0,0,0,0,0,0,0,0,0,0,0,0,0,0,0,0,0,0,0,0,0,0,0,0,0,0,0,0,0,0,0,0,0,1,0,0,0,0,0,0,0,0,0,0,0,0,0,0,0,0,0,0,0,0,0,0,0,0,0,0,0,0,1,0,0,0,1798_actives_new.sdf
[H]C1=C(c2c([H])c([H])c([H])c([H])c2[H])N=C2N=C(N([H])C(=O)C([H])([H])[H])N([H])N2[C@@]1([H])c1c([H])c([H])c([H])c([H])c1[H],0,0,1,2,1,0,1,4,5,0,0,0,2,0,0,0,0,0,0,0,0,0,0,0,0,0,0,0,2,0,0,1,0,0,0,0,2,0,0,0,0,0,0,0,0,0,0,0,0,0,0,0,0,0,0,0,0,0,0,0,0,0,0,0,0,0,0,0,0,0,0,0,0,0,0,0,0,0,0,1,0,1798_actives_new.sdf
[H]c1oc(C(=O)N([H])c2c([H])c([H])c([H])c(OC([H])([H])C(=O)c3c([H])c([H])c(C([H])([H])[H])c([H])c3[H])c2[H])c([H])c1[H],0,0,2,2,0,0,1,0,1,1,0,0,2,0,0,0,0,0,0,0,0,0,0,0,0,0,0,0,0,0,0,0,0,0,0,0,0,0,0,0,0,0,0,0,0,0,0,0,1,0,0,0,0,0,0,0,0,0,0,0,0,0,0,0,0,0,0,0,0,0,0,0,0,0,0,0,0,0,0,0,0,1798_actives_new.sdf
[H]C1=C(C([H])([H])C([H])([H])N([H])C(=O)C2([H])C([H])([H])C([H])([H])N(C([H])([H])c3c([H])nn(-c4c([H])c([H])c([H])c([H])c4[H])c3-n3c([H])c([H])c([H])c3[H])C([H])([H])C2([H])[H])C([H])([H])C([H])([H])C([H])([H])C1([H])[H],0,0,1,12,1,0,1,0,2,0,0,0,1,0,0,0,0,0,0,0,0,0,0,0,0,0,0,0,0,0,0,0,0,0,0,0,0,0,0,0,0,0,0,0,0,0,0,0,0,0,0,0,0,0,0,0,0,0,0,0,0,0,0,0,0,0,0,0,0,0,0,0,0,0,0,0,0,0,0,1,0,1798_actives_new.sdf
[H]C1=NC2=NC(c3c([H])c([H])c([H])c(OC([H])([H])[H])c3[H])=C([H])[C@]([H])(c3c([H])c([H])c(C([H])([H])[H])c([H])c3[H])N2N1[H],0,0,0,3,1,0,0,3,4,0,0,0,2,0,0,0,0,0,0,0,0,0,0,0,0,0,0,0,1,0,0,1,0,0,0,0,2,0,0,0,0,0,0,0,0,0,0,0,1,0,0,0,0,0,0,0,0,0,0,0,0,0,0,0,0,0,0,0,0,0,0,0,0,0,0,0,0,0,0,1,0,1798_actives_new.sdf
[H]c1oc(C(=O)N2C([H])([H])C([H])([H])N(C(=O)C([H])([H])OC(=O)c3c([H])c(-c4c([H])c([H])c(F)c([H])c4[H])nc4c([H])c([H])c([H])c([H])c34)C([H])([H])C2([H])[H])c([H])c1[H],0,0,3,5,0,0,2,0,2,0,0,0,2,0,0,0,0,0,1,0,0,0,0,0,0,1,1,1,0,1,0,0,0,0,0,0,0,0,0,0,0,0,0,1,0,0,0,0,0,0,0,0,0,0,1,0,0,0,0,0,0,0,0,0,0,0,0,0,0,0,0,0,0,0,0,0,0,0,0,0,0,1798_actives_new.sdf
[H]c1sc(-c2nc(C([H])([H])SC([H])([H])C(=O)N3C([H])([H])C([H])([H])N(c4c([H])c([H])c([H])c([H])c4[H])C([H])([H])C3([H])[H])c(C([H])([H])[H])o2)c(C([H])([H])[H])c1[H],0,0,1,8,0,0,1,0,2,1,0,0,1,0,0,0,0,0,0,0,0,0,0,0,0,0,0,0,0,0,0,0,0,0,0,0,0,0,0,0,0,0,0,0,0,0,0,0,0,0,0,0,0,0,0,0,0,0,2,0,0,0,0,0,0,0,0,0,0,0,0,0,1,0,0,1,0,0,0,0,0,1798_actives_new.sdf
[H]c1c([H])c(C2=NC([H])([H])[C@@]([H])(C([H])([H])Sc3nc4c([H])c(S(=O)(=O)N(C([H])([H])C([H])([H])[H])C([H])([H])C([H])([H])[H])c([H])c([H])c4o3)S2)c([H])c([H])c1OC([H])([H])[H],0,0,0,8,0,0,0,0,2,0,0,0,2,0,0,0,0,0,0,0,0,0,0,0,0,0,0,0,0,0,0,0,0,0,0,0,1,0,0,0,0,0,0,0,0,0,0,0,1,0,0,0,0,0,0,0,0,0,3,2,1,0,0,0,0,0,0,0,0,0,0,0,1,0,0,0,0,0,0,0,0,1798_actives_new.sdf
[H]c1c([H])c([H])c(N(C(=O)C([H])([H])Sc2nnc(C([H])([H])n3nnc4c([H])c([H])c([H])c([H])c43)o2)C([H])([H])c2c([H])c([H])c(F)c([H])c2[H])c([H])c1[H],0,0,1,3,0,0,1,0,1,1,0,0,3,0,0,0,0,0,0,0,0,0,0,0,0,0,0,1,0,1,0,0,0,0,0,0,0,0,0,0,0,0,0,0,0,0,0,0,0,0,0,0,0,0,0,0,0,0,1,0,0,0,0,0,0,0,0,0,0,0,0,0,0,0,0,0,0,0,0,0,0,1798_actives_new.sdf
[H]c1c2c3c(c4oc(=O)c5c(c14)C([H])([H])C([H])([H])C5([H])[H])C([H])([H])C([H])([H])C([H])([H])N3C([H])([H])C([H])([H])O2,0,0,0,8,0,0,0,0,1,1,0,0,1,0,0,0,0,0,0,0,0,0,0,0,0,0,0,0,0,0,0,0,0,0,0,0,0,0,0,0,0,0,0,0,0,0,0,0,1,0,0,0,0,0,0,0,0,0,0,0,0,0,0,0,0,0,0,0,0,0,0,0,0,0,0,0,0,0,0,0,0,1798_actives_new.sdf
[H]c1c([H])c([H])c2c(c1[H])SC1=C(C#N)[C@]([H])(c3c([H])c([H])c(OC([H])([H])[H])c([H])c3[H])C(C#N)=C(N([H])[H])N12,0,0,0,2,2,0,0,0,4,1,0,0,2,0,0,0,0,0,0,2,0,0,0,0,0,0,0,0,0,0,0,0,0,0,0,0,0,0,0,0,0,0,0,0,2,0,0,0,1,0,0,0,0,0,0,0,0,0,1,0,0,0,0,0,0,0,0,0,0,0,0,0,0,0,0,0,0,0,0,2,0,1798_actives_new.sdf
[H]c1c([H])c([H])c(C([H])([H])N(C(=O)C([H])([H])[H])c2nc([H])c3c(n2)c(=O)c(C#N)c2c([H])c([H])c([H])c([H])n23)c([H])c1[H],0,0,1,2,0,0,1,0,2,0,0,0,1,0,0,0,0,0,0,1,0,0,0,0,0,0,0,0,0,0,0,0,0,0,0,0,0,0,0,0,0,0,0,0,1,0,0,0,0,0,0,0,0,0,2,0,0,0,0,0,0,0,0,0,0,0,0,0,0,0,0,0,0,0,0,0,0,0,0,0,0,1798_actives_new.sdf
[H]c1c([H])c([H])c(C(=O)N([H])c2c(C#N)c3nc4c([H])c([H])c([H])c([H])c4nc3n2C([H])([H])C([H])([H])C([H])([H])C([H])([H])[H])c(Cl)c1[H],0,0,1,4,0,0,1,0,2,0,0,0,2,0,0,0,0,0,0,1,0,0,0,0,0,0,0,0,0,1,0,0,0,0,0,0,0,0,0,0,0,0,0,0,1,0,0,0,0,0,0,0,0,0,0,0,0,0,0,0,0,0,0,0,0,0,0,0,0,0,0,0,0,0,0,0,0,0,0,0,0,1798_actives_new.sdf
[H]c1c([H])c([H])c2nc([C@]([H])(C#N)C(=O)N([H])C3([H])C([H])([H])C([H])([H])C([H])([H])C([H])([H])C3([H])[H])c(N3C([H])([H])C([H])([H])C([H])(C([H])([H])[H])C([H])([H])C3([H])[H])nc2c1[H],0,0,1,13,0,0,1,0,3,0,0,0,1,0,0,0,0,0,0,1,0,0,0,0,0,0,0,0,0,0,0,0,0,0,0,0,0,0,0,0,0,0,0,0,1,0,0,0,0,0,0,0,0,0,0,0,0,0,0,0,0,0,0,0,0,0,0,0,0,0,0,0,0,0,0,0,0,0,0,0,0,1798_actives_new.sdf
[H]c1nc(N2C([H])([H])C([H])([H])N(C(=O)C([H])([H])Sc3c([H])c(=O)n(C([H])([H])C([H])([H])[H])c4c([H])c([H])c([H])c([H])c34)C([H])([H])C2([H])[H])c([H])c([H])c1[H],0,0,1,7,0,0,1,0,2,0,0,0,1,0,0,0,0,0,0,0,0,0,0,0,0,0,0,0,0,0,0,0,0,0,0,0,0,0,0,0,0,0,0,0,0,0,0,0,0,0,0,0,0,0,2,0,0,0,1,0,0,0,0,0,0,0,0,0,0,0,0,0,0,0,0,0,0,0,0,0,0,1798_actives_new.sdf
[H]c1c([H])c([H])c(N([H])C2=N[C@]([H])(c3c([H])c([H])c(Cl)c([H])c3[H])N=C(N([H])[H])N2[H])c(OC([H])([H])[H])c1[H],0,0,0,2,0,0,0,4,5,1,0,0,2,0,0,0,0,0,0,0,0,0,0,0,0,0,0,0,2,1,0,0,0,0,0,0,2,0,0,0,0,0,0,0,0,0,0,0,1,0,0,0,0,0,0,0,0,0,0,0,0,0,0,0,0,0,0,0,0,0,0,0,0,0,0,0,0,0,0,0,0,1798_actives_new.sdf
[H]c1c([H])c([H])c([C@@]2([H])N(S(=O)(=O)c3c([H])c([H])c(C([H])([H])[H])c([H])c3[H])C([H])([H])C([H])([H])N2S(=O)(=O)C([H])([H])[H])c([H])c1[H],0,0,0,5,0,0,0,0,2,0,0,0,2,0,0,0,0,0,0,0,0,0,0,0,0,0,0,0,0,0,0,0,0,0,0,0,0,0,0,0,0,0,0,0,0,0,0,0,0,0,0,0,0,0,0,0,0,0,1,4,2,0,0,0,0,0,0,0,0,0,0,0,0,0,0,0,0,0,0,0,0,1798_actives_new.sdf
[H]c1c(OC([H])([H])[H])c([H])c2oc(=O)c(C(=O)N([H])C([H])([H])[H])c([H])c2c1[H],0,0,1,2,0,0,1,0,1,0,0,0,1,0,0,0,0,0,0,0,0,0,0,0,0,0,0,0,0,0,0,0,0,0,0,0,0,0,0,0,0,0,0,0,0,0,0,0,1,0,0,0,0,0,0,0,0,0,0,0,0,0,0,0,0,0,0,0,0,0,0,0,0,0,0,0,0,0,0,0,0,1798_actives_new.sdf
[H]C1=C2C(C#N)=C(N([H])[H])C(C#N)(C#N)[C@@]([H])(C([H])([H])c3c([H])c([H])c([H])c([H])c3[H])[C@@]2([H])C([H])([H])N(C([H])([H])[H])C1([H])[H],0,0,0,7,2,0,0,0,5,0,0,0,1,0,0,0,0,0,0,3,0,0,0,0,1,0,0,0,0,0,0,0,0,0,0,0,0,0,0,0,0,0,0,0,3,0,0,0,0,0,0,0,0,0,0,0,0,0,0,0,0,0,0,0,0,0,0,0,0,0,0,0,0,0,0,0,0,0,0,2,0,1798_actives_new.sdf
[H]C([H])([H])C([H])([H])C([H])([H])C(=O)OC([H])([H])C([H])([H])[N+](C([H])([H])[H])(C([H])([H])[H])C([H])([H])[H],0,0,1,8,0,0,0,0,1,0,0,0,0,0,0,0,0,0,1,0,0,0,0,0,0,1,1,0,0,0,0,0,0,0,0,0,0,0,0,0,0,0,0,1,0,0,0,0,0,0,0,0,0,0,0,0,0,0,0,0,0,0,0,0,0,0,0,0,0,0,0,0,0,0,0,0,0,0,0,0,0,1798_actives_new.sdf
[H]OC([H])([H])C([H])([H])C([H])([H])C1=NC2=NC(c3c([H])c([H])c([H])c([H])c3[H])=C([H])[C@@]([H])(c3c([H])c([H])c([H])c([H])c3[H])N2N1[H],0,1,0,4,1,0,0,3,4,0,0,0,2,0,0,0,0,0,0,0,0,0,0,0,0,0,0,0,1,0,0,1,0,0,0,0,2,0,0,0,0,0,0,0,0,0,0,0,0,0,0,0,0,0,0,0,0,0,0,0,0,0,0,0,0,0,0,0,0,0,0,0,0,0,0,0,0,0,0,1,0,1798_actives_new.sdf
[H]c1nc([H])c(C(=O)/N=c2\c(C(=O)OC([H])([H])C([H])([H])[H])c([H])c3c(=O)n4c([H])c([H])c([H])c(C([H])([H])[H])c4nc3n2C([H])([H])c2oc([H])c([H])c2[H])c([H])c1[H],0,0,2,4,0,0,1,0,1,0,0,0,0,0,0,0,0,0,1,0,0,0,0,0,0,1,1,0,0,0,0,0,0,0,0,0,0,0,0,0,0,0,0,1,0,0,0,0,0,0,0,0,0,0,3,0,0,0,0,0,0,0,0,0,0,0,0,0,0,0,0,0,0,0,0,0,0,0,0,0,0,1798_actives_new.sdf
[H]c1nc(C([H])([H])[H])n(C([H])([H])C([H])([H])c2nn([H])c(=S)n2C([H])([H])C([H])([H])[H])c1[H],0,0,0,5,0,0,0,0,0,0,0,0,0,0,0,0,0,0,0,0,0,0,0,0,0,0,0,0,0,0,0,0,0,0,0,1,0,0,0,0,0,0,0,0,0,0,0,0,0,0,0,0,0,0,0,0,0,0,0,0,0,0,0,0,0,0,0,0,0,0,0,0,0,0,0,0,0,1,0,0,0,1798_actives_new.sdf
[H]c1nc(C([H])([H])N([H])c2nc(C([H])([H])C([H])([H])[H])nc3c2oc2c([H])c([H])c([H])c([H])c23)c([H])c([H])c1[H],0,0,0,3,0,0,0,0,1,0,0,0,1,0,0,0,0,0,0,0,0,0,0,0,0,0,0,0,0,0,0,0,0,0,0,0,0,0,0,0,0,0,0,0,0,0,0,0,0,0,0,0,0,0,1,0,0,0,0,0,0,0,0,0,0,0,0,0,0,0,0,0,0,0,0,0,0,0,0,0,0,1798_actives_new.sdf
[H]c1oc(C(=O)N([H])c2nc3nc(-c4c([H])c([H])c([H])c([H])c4[H])c([H])c(-c4c([H])c([H])c([H])c([H])c4[H])n3n2)c([H])c1[H],0,0,1,0,0,0,1,0,1,0,0,0,2,0,0,0,0,0,0,0,0,0,0,0,0,0,0,0,0,0,0,0,0,0,0,0,0,0,0,0,0,0,0,0,0,0,0,0,0,0,0,0,0,0,0,0,0,0,0,0,0,0,0,0,0,0,0,0,0,0,0,0,0,0,0,0,0,1,0,0,0,1798_actives_new.sdf
[H]c1c([H])c([H])c2nc3c(nc2c1[H])c(C(=O)OC([H])(C([H])([H])[H])C([H])([H])[H])c1n([H])c(=O)c2c([H])c([H])c([H])c([H])c2n31,0,0,1,3,0,0,0,0,0,0,0,0,2,0,0,0,0,0,1,0,0,0,0,0,0,1,1,0,0,0,0,0,0,0,0,0,0,0,0,0,0,0,0,1,0,0,0,0,0,0,0,0,0,0,0,0,0,0,0,0,0,0,0,0,0,0,0,0,0,0,0,0,0,0,0,0,0,0,0,0,0,1798_actives_new.sdf
[H]c1c([H])c(C(=O)OC([H])([H])[H])c([H])c([H])c1OC([H])([H])[C@]1([H])c2c([H])c(OC([H])([H])[H])c(OC([H])([H])[H])c([H])c2C([H])([H])C([H])([H])N1C(=O)C1([H])C([H])([H])C1([H])[H],0,0,2,10,0,0,1,0,1,0,0,0,2,0,0,0,0,0,1,0,1,0,0,0,0,1,1,0,0,0,0,0,0,0,0,0,0,0,0,0,0,0,0,1,0,0,0,0,3,0,0,0,0,0,0,0,0,0,0,0,0,0,0,0,0,0,0,0,0,0,0,0,0,0,0,0,0,0,0,0,1,1798_actives_new.sdf
[H]c1c([H])c(S(=O)(=O)N([H])c2nc3c([H])c([H])c([H])c([H])c3nc2Sc2nnc([H])n2C([H])([H])[H])c([H])c([H])c1N([H])C(=O)C([H])([H])[H],0,0,1,2,0,0,1,0,2,1,0,0,2,0,0,0,0,0,0,0,0,0,0,0,0,0,0,0,0,0,0,0,0,0,0,0,0,0,0,0,0,0,0,0,0,0,0,0,0,0,0,0,0,0,0,0,0,0,0,2,1,0,0,0,0,0,0,0,0,0,0,0,0,0,0,0,0,1,0,0,0,1798_actives_new.sdf
[H]C([H])=C([H])C([H])([H])n1c([H])nc2c(c1=O)c1nc3c([H])c([H])c([H])c([H])c3nc1n2/N=C(\[H])c1c([H])c(OC([H])([H])[H])c(OC([H])([H])[H])c(OC([H])([H])[H])c1[H],0,0,0,4,1,0,0,0,1,0,0,0,2,0,0,0,0,0,0,0,0,0,0,0,0,0,0,0,0,0,0,0,0,0,0,0,1,0,0,0,0,0,0,0,0,0,0,0,3,0,0,0,0,0,0,0,0,0,0,0,0,0,0,0,0,0,0,0,0,0,0,0,0,0,0,0,0,0,0,1,0,1798_actives_new.sdf
[H]c1c([H])c([H])c(-c2nnnn2-c2c([H])c([H])c(Cl)c([H])c2[H])c([H])c1[H],0,0,0,0,0,0,0,0,0,0,0,0,2,0,0,0,0,0,0,0,0,0,0,0,0,0,0,0,0,1,0,0,0,0,0,0,0,0,0,0,0,0,0,0,0,0,0,0,0,0,0,0,0,0,0,0,0,0,0,0,0,0,0,0,0,0,1,0,0,0,0,0,0,0,0,0,0,0,0,0,0,1798_actives_new.sdf
[H]C([H])=C([H])C([H])([H])n1c(/N=C(\[H])c2c([H])c([H])c(N(C([H])([H])[H])C([H])([H])[H])c([H])c2[H])nc2c([H])c([H])c([H])c([H])c21,0,0,0,3,1,0,0,0,2,1,0,0,2,0,0,0,0,0,0,0,0,0,0,0,0,0,0,0,0,0,0,0,0,0,0,1,1,0,0,0,0,0,0,0,0,0,0,0,0,0,0,0,0,0,0,0,0,0,0,0,0,0,0,0,0,0,0,0,0,0,0,0,0,0,0,0,0,0,0,1,0,1798_actives_new.sdf
[H]c1oc(-c2nnc(-c3c([H])c([H])c([H])c(N([H])C(=O)C([H])([H])Oc4c([H])c(C([H])([H])[H])c([H])c(C([H])([H])[H])c4[H])c3[H])o2)c([H])c1[H],0,0,1,3,0,0,1,0,1,1,0,0,2,0,0,0,0,0,0,0,0,0,0,0,0,0,0,0,0,0,0,0,0,0,0,0,0,0,0,0,0,0,0,0,0,0,0,0,1,0,0,0,0,0,0,0,0,0,0,0,0,0,0,0,0,0,0,0,0,0,0,0,0,0,0,0,0,0,0,0,0,1798_actives_new.sdf
[H]c1c([H])c([H])c(-c2nc3c(=O)n(C([H])([H])[H])c(=O)nc-3n(C([H])([H])C([H])([H])[H])n2)c([H])c1[H],0,0,0,3,0,0,0,0,0,0,0,0,1,0,0,0,0,0,0,0,0,0,0,0,0,0,0,0,0,0,0,0,0,0,0,0,0,0,0,0,0,0,0,0,0,0,0,0,0,0,0,0,0,0,0,0,0,0,0,0,0,0,0,0,0,0,0,0,0,0,0,0,0,0,0,0,0,0,0,0,0,1798_actives_new.sdf
[H]/N=c1\c(C(=O)N([H])C([H])([H])c2oc([H])c([H])c2[H])c([H])c2c(=O)n3c([H])c([H])c([H])c([H])c3nc2n1C([H])([H])C([H])([H])OC([H])([H])[H],0,0,1,4,0,0,1,0,2,0,0,0,0,0,0,0,0,0,0,0,0,0,0,0,0,0,1,0,0,0,0,0,0,0,0,0,0,0,0,0,0,0,0,1,0,0,0,0,0,0,0,0,0,0,2,0,0,0,0,0,0,0,0,0,0,0,0,0,0,0,0,0,0,0,0,0,0,0,0,0,0,1798_actives_new.sdf
[H]c1c([H])c(Cl)c(S(=O)(=O)N2C([H])([H])C([H])([H])N(C([H])([H])C(=O)N([H])c3c([H])c([H])c4c(c3[H])OC([H])([H])C([H])([H])O4)C([H])([H])C2([H])[H])c([H])c1Cl,0,0,1,7,0,0,1,0,3,1,0,0,2,0,0,0,0,0,0,0,0,0,0,0,0,0,0,0,0,2,0,0,0,0,0,0,0,0,0,0,0,0,0,0,0,0,0,0,2,0,0,0,0,0,0,0,0,0,0,2,1,0,0,0,0,0,0,0,0,0,0,0,0,0,0,0,0,0,0,0,0,1798_actives_new.sdf
[H]C1=C(C(=O)N(C([H])([H])[H])C([H])([H])c2c(C([H])([H])[H])nn(C([H])([H])[H])c2C([H])([H])[H])C2=N[C@]([H])(c3c([H])c([H])c([H])c([H])c3[H])C([H])([H])[C@@]([H])(C(F)(F)F)N2N1[H],0,0,1,9,1,0,1,1,4,0,0,0,1,0,0,0,0,0,0,0,0,0,0,0,0,0,0,3,0,3,0,1,0,0,0,0,1,0,0,0,0,0,0,0,0,0,0,0,0,0,0,0,0,0,0,0,0,0,0,0,0,0,0,0,0,0,0,0,0,0,0,0,0,0,0,0,0,0,0,1,0,1798_actives_new.sdf
[H]c1c([H])c([H])c([C@@]2([H])C(N([H])C(=O)C([H])([H])N3C([H])([H])C([H])([H])C([H])([H])[C@]([H])(C(=O)OC([H])([H])C([H])([H])[H])C3([H])[H])=Nc3c([H])c([H])c([H])c([H])c3N=C2C([H])([H])[H])c([H])c1[H],0,0,2,10,0,0,1,1,4,2,0,0,2,0,0,0,0,0,1,0,0,0,0,0,0,1,1,0,0,0,0,0,0,0,0,0,2,0,0,0,0,0,0,1,0,0,0,0,0,0,0,0,0,0,0,0,0,0,0,0,0,0,0,0,0,0,0,0,0,0,0,0,0,0,0,0,0,0,0,0,0,1798_actives_new.sdf
[H]c1c([H])c([H])c(N2C([H])([H])C([H])([H])N(C(=O)C([H])([H])[H])C([H])([H])C2([H])[H])c(N([H])C(=O)C([H])([H])Oc2c([H])c(C([H])([H])[H])c([H])c([H])c2C([H])(C([H])([H])[H])C([H])([H])[H])c1[H],0,0,2,10,0,0,2,0,3,2,0,0,2,0,0,0,0,0,0,0,0,0,0,0,0,0,0,0,0,0,0,0,0,0,0,0,0,0,0,0,0,0,0,0,0,0,0,0,1,0,0,0,0,0,0,0,0,0,0,0,0,0,0,0,0,0,0,0,0,0,0,0,0,0,0,0,0,0,0,0,0,1798_actives_new.sdf
[H]C(C(=O)N([H])c1nc(C([H])([H])[H])c(C(=O)C([H])([H])[H])s1)=C(C([H])([H])[H])C([H])([H])[H],0,0,2,4,1,0,1,0,1,0,0,0,0,0,0,0,0,0,0,0,0,0,0,0,0,0,0,0,0,0,0,0,0,0,0,0,0,0,0,0,0,0,0,0,0,0,0,0,0,0,0,0,0,0,0,0,0,0,0,0,0,0,0,0,0,0,0,0,0,0,0,0,0,0,0,0,0,0,0,1,0,1798_actives_new.sdf
[H]c1sc(C(=O)N([H])C([H])([H])C([H])([H])c2nc3c([H])c([H])c([H])c([H])c3n2C([H])([H])C([H])([H])C([H])([H])C([H])([H])C([H])([H])[H])c([H])c1[H],0,0,1,7,0,0,1,0,1,0,0,0,1,0,0,0,0,0,0,0,0,0,0,0,0,0,0,0,0,0,0,0,0,0,0,1,0,0,0,0,0,0,0,0,0,0,0,0,0,0,0,0,0,0,0,0,0,0,0,0,0,0,0,0,0,0,0,0,0,0,0,0,0,0,0,1,0,0,0,0,0,1798_actives_new.sdf
[H]c1nc([H])n(C([H])([H])[H])c1C([H])([H])[C@@]1([H])C([H])([H])OC(=O)[C@@]1([H])C([H])([H])C([H])([H])[H],0,0,1,7,0,0,0,0,0,0,0,0,0,0,0,0,0,0,1,0,0,0,0,0,0,1,1,0,0,0,0,0,0,0,0,1,0,0,0,0,0,0,1,1,0,0,0,0,0,0,0,0,0,0,0,0,0,0,0,0,0,0,0,0,0,0,0,0,0,0,0,0,0,0,0,0,0,0,0,0,0,1798_actives_new.sdf
[H]c1sc(C(=O)N([H])C([H])([H])C([H])([H])N([H])C2([H])C([H])([H])C([H])([H])N(C(=O)OC([H])([H])C([H])([H])[H])C([H])([H])C2([H])[H])c([H])c1[H],0,0,2,9,0,0,2,0,3,0,0,0,0,0,0,1,0,0,1,0,0,0,0,0,0,1,1,0,0,0,0,0,0,0,0,0,0,0,0,0,0,0,0,1,0,0,0,0,0,0,0,0,0,0,0,0,0,0,0,0,0,0,0,0,0,0,0,0,0,0,0,0,0,0,0,1,0,0,0,0,0,1798_actives_new.sdf
[H]c1c([H])c(C([H])([H])[H])c([H])c([H])c1N([H])c1nc(N([H])[H])nc(C([H])([H])N2C([H])([H])C([H])([H])C([H])([H])[C@]([H])(C(=O)OC([H])([H])C([H])([H])[H])C2([H])[H])n1,0,0,1,9,0,0,0,0,3,1,0,0,1,0,0,0,0,0,1,0,0,0,0,0,0,1,1,0,0,0,0,0,0,0,0,0,0,0,0,0,0,0,0,1,0,0,0,0,0,0,0,0,0,0,0,0,0,0,0,0,0,0,0,0,0,0,0,0,0,0,0,0,0,0,0,0,0,0,0,0,0,1798_actives_new.sdf
[H]c1c([H])c([H])c(OC([H])([H])c2nc(C#N)c(N3C([H])([H])C([H])([H])N(c4c([H])c([H])c([H])c(Cl)c4[H])C([H])([H])C3([H])[H])o2)c([H])c1[H],0,0,0,5,0,0,0,0,3,1,0,0,2,0,0,0,0,0,0,1,0,0,0,0,0,0,0,0,0,1,0,0,0,0,0,0,0,0,0,0,0,0,0,0,1,0,0,0,1,0,0,0,0,0,0,0,0,0,0,0,0,0,0,0,0,0,0,0,0,0,0,0,0,0,0,0,0,0,0,0,0,1798_actives_new.sdf
[H]N([H])C(=O)O[C@]([H])(C([H])([H])[H])C([H])([H])[N+](C([H])([H])[H])(C([H])([H])[H])C([H])([H])[H],0,0,1,6,0,0,1,0,2,0,0,0,0,0,0,1,0,0,1,0,0,0,0,0,0,1,1,0,0,0,0,0,0,0,0,0,0,0,0,0,0,0,0,1,0,0,0,0,0,0,0,0,0,0,0,0,0,0,0,0,0,0,0,0,0,0,0,0,0,0,0,0,0,0,0,0,0,0,0,0,0,1798_actives_new.sdf
[H]c1c([H])c([H])c(N([H])C(=O)C([H])([H])Sc2nc(=O)c([H])c(N([H])[H])n2-c2c([H])c([H])c([H])c(C([H])([H])[H])c2[H])c([H])c1[H],0,0,1,2,0,0,1,0,2,1,0,0,2,0,0,0,0,0,0,0,0,0,0,0,0,0,0,0,0,0,0,0,0,0,0,0,0,0,0,0,0,0,0,0,0,0,0,0,0,0,0,0,0,0,0,0,0,0,1,0,0,0,0,0,0,0,0,0,0,0,0,0,0,0,0,0,0,0,0,0,0,1798_actives_new.sdf
[H]c1nc([H])c(-c2nnc(SC([H])([H])C(=O)c3c([H])c(C([H])([H])[H])n(-c4c([H])c([H])c(C(=O)OC([H])([H])[H])c([H])c4[H])c3C([H])([H])[H])n2C([H])([H])C([H])([H])[H])c([H])c1[H],0,0,2,6,0,0,0,0,0,0,0,0,1,0,0,0,0,0,1,0,0,0,0,0,0,1,1,0,0,0,0,0,0,0,0,0,0,0,0,0,0,0,0,1,0,0,0,0,0,0,0,0,0,0,1,0,0,0,1,0,0,0,0,0,0,0,0,0,0,0,0,0,0,0,0,0,0,1,0,0,0,1798_actives_new.sdf
[H]c1c(C([H])([H])[H])oc([C@@]2([H])C(C#N)=C(N([H])[H])Oc3nc(-c4c([H])c([H])c([H])c([H])c4[H])n([H])c32)c1[H],0,0,0,2,1,0,0,0,2,0,0,0,1,0,0,0,0,0,0,1,0,0,0,0,0,0,0,0,0,0,0,0,0,0,0,1,0,0,0,0,0,0,0,0,1,0,0,0,0,0,0,0,0,0,0,0,0,0,0,0,0,0,0,0,0,0,0,0,0,0,0,0,0,0,0,0,0,0,0,1,0,1798_actives_new.sdf
[H]c1sc(S(=O)(=O)N([H])c2c([H])c([H])c([H])c(SC([H])([H])[H])c2[H])c([H])c1[H],0,0,0,1,0,0,0,0,1,1,0,0,1,0,0,0,0,0,0,0,0,0,0,0,0,0,0,0,0,0,0,0,0,0,0,0,0,0,0,0,0,0,0,0,0,0,0,0,0,0,0,0,0,0,0,0,0,0,1,2,1,0,0,0,0,0,0,0,0,0,0,0,0,0,0,1,0,0,0,0,0,1798_actives_new.sdf
[H]c1c([H])c([H])c(-n2nc(C([H])([H])[H])c(C(=O)OC([H])([H])C(=O)C(C#N)=C3N([H])c4c([H])c([H])c([H])c([H])c4N3[H])c2C([H])([H])[H])c([H])c1[H],0,0,2,3,1,0,0,0,3,2,0,0,2,0,0,0,0,0,1,1,0,0,0,0,0,1,1,0,0,0,0,0,0,0,0,0,0,0,0,0,1,0,0,1,1,0,0,0,0,0,0,0,0,0,0,0,0,0,0,0,0,0,0,0,0,0,0,0,0,0,0,0,0,0,0,0,0,0,0,1,0,1798_actives_new.sdf
[H]c1c([H])c(-c2nnc(-c3c([H])c(OC([H])([H])[H])c(OC([H])([H])[H])c([H])c3OC([H])([H])[H])o2)c(OC([H])([H])[H])c(OC([H])([H])[H])c1OC([H])([H])[H],0,0,0,6,0,0,0,0,0,0,0,0,2,0,0,0,0,0,0,0,0,0,0,0,0,0,0,0,0,0,0,0,0,0,0,0,0,0,0,0,0,0,0,0,0,0,0,0,6,0,0,0,0,0,0,0,0,0,0,0,0,0,0,0,0,0,0,0,0,0,0,0,0,0,0,0,0,0,0,0,0,1798_actives_new.sdf
[H]c1sc(-c2c(=O)n(OC([H])([H])C(=O)OC([H])([H])C([H])([H])[H])c3c([H])c([H])c([H])c([H])c3[n+]2[O-])c([H])c1[H],0,0,1,3,0,0,0,0,0,0,0,0,1,0,0,0,0,0,1,0,0,0,0,0,0,1,1,0,0,0,0,0,0,0,0,0,0,0,0,0,0,0,0,1,0,0,0,0,0,0,0,0,0,0,0,0,0,0,0,0,0,0,0,0,0,0,0,0,0,0,0,0,0,0,0,1,0,0,0,0,0,1798_actives_new.sdf
[H]c1c([H])c([H])c2c(c1[H])C(=O)c1c([H])c([H])c([H])c3c1c-2c(N([H])C(=O)C([H])([H])[H])c(=O)n3C([H])([H])[H],0,0,2,2,0,0,1,0,1,0,0,0,2,0,0,0,0,0,0,0,0,0,0,0,0,0,0,0,0,0,0,0,0,0,0,0,0,0,0,0,0,0,0,0,0,0,0,0,0,0,0,0,0,0,1,0,0,0,0,0,0,0,0,0,0,0,0,0,0,0,0,0,0,0,0,0,0,0,0,0,0,1798_actives_new.sdf
[H]c1c([H])c([H])c2nc([C@@]([H])(C#N)C(=O)N([H])C3([H])C([H])([H])C([H])([H])C([H])([H])C([H])([H])C3([H])[H])c(N3C([H])([H])[C@@]([H])(C([H])([H])[H])O[C@]([H])(C([H])([H])[H])C3([H])[H])nc2c1[H],0,0,1,13,0,0,1,0,3,0,0,0,1,0,0,0,0,0,0,1,0,0,0,0,0,0,1,0,0,0,0,0,0,0,0,0,0,0,0,0,0,0,0,1,1,0,0,0,0,0,0,0,0,0,0,0,0,0,0,0,0,0,0,0,0,0,0,0,0,0,0,0,0,0,0,0,0,0,0,0,0,1798_actives_new.sdf
[H]c1nc([H])c(-c2nc3c([H])c([H])c(Cl)c([H])c3c(C(=O)N3C([H])([H])C([H])([H])C4(OC([H])([H])C([H])([H])O4)C([H])([H])C3([H])[H])c2[H])c([H])c1[H],0,0,1,7,0,0,1,0,1,0,0,0,1,0,0,0,0,0,0,0,0,0,0,0,0,0,2,0,0,1,0,0,0,0,0,0,0,0,0,0,0,0,0,2,0,0,0,0,0,0,0,0,0,0,2,0,0,0,0,0,0,0,0,0,0,0,0,0,0,0,0,0,0,0,0,0,0,0,0,0,0,1798_actives_new.sdf
[H]C1=NC2=NC(c3c([H])c([H])c(C([H])([H])[H])c([H])c3[H])=C([H])[C@]([H])(c3c([H])c([H])c(OC([H])([H])C([H])([H])[H])c([H])c3[H])N2N1[H],0,0,0,4,1,0,0,3,4,0,0,0,2,0,0,0,0,0,0,0,0,0,0,0,0,0,0,0,1,0,0,1,0,0,0,0,2,0,0,0,0,0,0,0,0,0,0,0,1,0,0,0,0,0,0,0,0,0,0,0,0,0,0,0,0,0,0,0,0,0,0,0,0,0,0,0,0,0,0,1,0,1798_actives_new.sdf
[H]OC(=O)[C@@]([H])(N([H])C(=O)c1c([H])c([H])c([H])c([H])c1N([H])C(=O)c1oc([H])c([H])c1[H])C([H])([H])c1c([H])n([H])c2c([H])c([H])c([H])c([H])c12,0,1,3,2,0,0,2,0,2,1,0,0,2,0,0,0,0,0,1,0,0,0,0,0,0,0,0,0,0,0,0,0,0,0,0,0,0,0,0,0,0,0,0,0,0,0,0,0,0,0,0,0,0,0,0,0,0,0,0,0,0,0,0,0,0,0,0,0,0,0,0,0,0,0,0,0,0,0,0,0,0,1798_actives_new.sdf
[H]Oc1c([H])c([H])c(-c2oc3c([H])c(O[H])c([H])c(O[H])c3c(=O)c2O[H])c(O[H])c1[H],0,5,0,0,0,0,0,0,0,0,0,0,2,0,0,0,0,0,0,0,0,0,0,0,0,0,0,0,0,0,0,0,0,0,0,0,0,0,0,0,0,0,0,0,0,0,0,0,4,0,0,0,0,0,0,0,0,0,0,0,0,0,0,0,0,0,0,0,0,0,0,0,0,0,0,0,0,0,0,0,0,1798_actives_new.sdf
[H]c1c([H])c([H])c(C(=O)N([H])C([H])([H])C([H])([H])N([H])C2([H])C([H])([H])C([H])([H])N(C(=O)OC([H])([H])C([H])([H])[H])C([H])([H])C2([H])[H])c(Cl)c1[H],0,0,2,9,0,0,2,0,3,0,0,0,1,0,0,1,0,0,1,0,0,0,0,0,0,1,1,0,0,1,0,0,0,0,0,0,0,0,0,0,0,0,0,1,0,0,0,0,0,0,0,0,0,0,0,0,0,0,0,0,0,0,0,0,0,0,0,0,0,0,0,0,0,0,0,0,0,0,0,0,0,1798_actives_new.sdf
[H]c1c([H])c([H])c2c(C(=O)N([H])C([H])([H])C([H])([H])n3c([H])c([H])c([H])c3[H])c([H])c([H])c([H])c2c1[H],0,0,1,2,0,0,1,0,1,0,0,0,2,0,0,0,0,0,0,0,0,0,0,0,0,0,0,0,0,0,0,0,0,0,0,0,0,0,0,0,0,0,0,0,0,0,0,0,0,0,0,0,0,0,0,0,0,0,0,0,0,0,0,0,0,0,0,0,0,0,0,0,0,0,0,0,0,0,0,0,0,1798_actives_new.sdf
[H]c1sc2c([H])c3c(=O)n(C([H])([H])C([H])([H])C([H])([H])C(=O)N4C([H])([H])C([H])([H])C([H])([H])[C@]([H])(C(=O)OC([H])([H])C([H])([H])[H])C4([H])[H])nc(C([H])([H])[H])n3c2c1[H],0,0,2,11,0,0,1,0,1,0,0,0,0,0,0,0,0,0,1,0,0,0,0,0,0,1,1,0,0,0,0,0,0,0,0,0,0,0,0,0,0,0,0,1,0,0,0,0,0,0,0,0,0,0,0,0,0,0,0,0,0,0,0,0,0,0,0,0,0,0,0,0,0,0,0,1,0,0,0,0,0,1798_actives_new.sdf
[H]OC1=C(C(=O)c2sc([H])c([H])c2[H])[C@@]([H])(c2c([H])c([H])c(OC([H])([H])[H])c(OC([H])([H])[H])c2[H])N(c2nnc(C([H])([H])[H])s2)C1=O,0,1,2,4,1,0,1,0,1,0,0,0,1,0,0,0,0,0,0,0,0,0,0,0,0,0,0,0,0,0,0,0,0,0,0,0,0,0,0,0,0,0,0,0,0,0,0,0,2,0,0,0,0,0,0,0,0,0,0,0,0,0,0,0,0,0,0,0,0,0,0,0,0,0,0,1,0,0,0,1,0,1798_actives_new.sdf
[H]OC(=O)c1c([H])c(O[H])c2c(c1[H])C(=O)c1c([H])c([H])c([H])c(O[H])c1C2=O,0,3,3,0,0,0,0,0,0,0,0,0,2,0,0,0,0,0,1,0,0,0,0,0,0,0,0,0,0,0,0,0,0,0,0,0,0,0,0,0,0,0,0,0,0,0,0,0,2,0,0,0,0,0,0,0,0,0,0,0,0,0,0,0,0,0,0,0,0,0,0,0,0,0,0,0,0,0,0,0,2,1798_actives_new.sdf
[H]C1=C2C(C#N)=C(N([H])[H])C(C#N)(C#N)[C@@]([H])(c3c([H])c(OC([H])([H])[H])c([H])c([H])c3OC([H])([H])[H])[C@@]2([H])C([H])([H])N(C([H])([H])C([H])([H])C([H])([H])[H])C1([H])[H],0,0,0,10,2,0,0,0,5,0,0,0,1,0,0,0,0,0,0,3,0,0,0,0,1,0,0,0,0,0,0,0,0,0,0,0,0,0,0,0,0,0,0,0,3,0,0,0,2,0,0,0,0,0,0,0,0,0,0,0,0,0,0,0,0,0,0,0,0,0,0,0,0,0,0,0,0,0,0,2,0,1798_actives_new.sdf
[H]c1c([H])c([H])c2c(c1[H])N(C(=O)C([H])([H])Sc1nc(C3([H])C([H])([H])C3([H])[H])nc3c1c(=O)n(C([H])([H])[H])c(=O)n3C([H])([H])[H])C([H])([H])C([H])([H])C2([H])[H],0,0,1,9,0,0,1,0,1,1,0,0,1,0,0,0,0,0,0,0,1,0,0,0,0,0,0,0,0,0,0,0,0,0,0,0,0,0,0,0,0,0,0,0,0,0,0,0,0,0,0,0,0,0,0,0,0,0,1,0,0,0,0,0,0,0,0,0,0,0,0,0,0,0,0,0,0,0,0,0,0,1798_actives_new.sdf
[H]C1=C(C([H])([H])C([H])([H])N([H])C(=O)C([H])([H])N2C([H])([H])C([H])([H])N(C3([H])C([H])([H])C([H])([H])C([H])([H])C([H])([H])C3([H])[H])C([H])([H])C2([H])[H])C([H])([H])C([H])([H])C([H])([H])C1([H])[H],0,0,1,17,1,0,1,0,3,0,0,0,0,0,0,0,0,0,0,0,0,0,0,0,0,0,0,0,0,0,0,0,0,0,0,0,0,0,0,0,0,0,0,0,0,0,0,0,0,0,0,0,0,0,0,0,0,0,0,0,0,0,0,0,0,0,0,0,0,0,0,0,0,0,0,0,0,0,0,1,0,1798_actives_new.sdf
[H]C1=C2C(C#N)=C(N([H])[H])C(C#N)(C#N)[C@]([H])(c3c([H])c([H])c([H])c(Cl)c3[H])[C@@]2([H])C([H])([H])N(C([H])([H])[H])C1([H])[H],0,0,0,6,2,0,0,0,5,0,0,0,1,0,0,0,0,0,0,3,0,0,0,0,1,0,0,0,0,1,0,0,0,0,0,0,0,0,0,0,0,0,0,0,3,0,0,0,0,0,0,0,0,0,0,0,0,0,0,0,0,0,0,0,0,0,0,0,0,0,0,0,0,0,0,0,0,0,0,2,0,1798_actives_new.sdf
[H]c1c(N([H])C(=O)c2nn3c(C(F)(F)F)c([H])c(-c4c([H])c([H])c(OC([H])([H])[H])c(OC([H])([H])[H])c4[H])nc3c2[H])noc1C([H])([H])[H],0,0,1,4,0,0,1,0,1,0,0,0,1,0,0,0,0,0,0,0,0,0,0,0,0,0,0,3,0,3,0,0,0,0,0,0,0,0,0,0,0,0,0,0,0,0,0,0,2,0,0,0,0,0,0,0,0,0,0,0,0,0,0,0,0,0,0,0,0,0,0,0,0,0,0,0,0,0,0,0,0,1798_actives_new.sdf
[H]c1oc([C@]([H])(C(=O)N([H])C(C([H])([H])[H])(C([H])([H])[H])C([H])([H])C([H])([H])[H])N(C(=O)C([H])([H])n2nnc3c([H])c([H])c([H])c([H])c32)c2c([H])c([H])c3c(c2[H])OC([H])([H])O3)c([H])c1[H],0,0,2,8,0,0,2,0,2,1,0,0,2,0,0,0,0,0,0,0,0,0,0,0,0,0,0,0,0,0,0,0,0,0,0,0,0,0,0,0,0,0,0,0,0,0,0,0,2,0,0,0,0,0,0,0,0,0,0,0,0,0,0,0,0,0,0,0,0,0,0,0,0,0,0,0,0,0,0,0,0,1798_actives_new.sdf
[H]c1c([H])c([H])c(N2C([H])([H])C([H])([H])N(C([H])([H])C([H])([H])N([H])C(=O)N([H])c3c([H])c(OC([H])([H])[H])c([H])c([H])c3Cl)C([H])([H])C2([H])[H])c([H])c1[H],0,0,1,7,0,0,2,0,4,2,0,0,2,0,0,0,0,0,0,0,0,0,0,0,0,0,0,0,0,1,0,0,0,0,0,0,0,0,0,0,0,0,0,0,0,0,0,0,1,0,0,0,0,0,0,0,0,0,0,0,0,0,0,0,0,0,0,0,0,0,0,0,0,0,0,0,0,0,1,0,0,1798_actives_new.sdf
[H]c1oc(C([H])([H])N([H])C(=O)C([H])([H])Sc2nc(C([H])([H])[H])c([H])c(C([H])([H])[H])n2)c([H])c1[H],0,0,1,4,0,0,1,0,1,0,0,0,0,0,0,0,0,0,0,0,0,0,0,0,0,0,0,0,0,0,0,0,0,0,0,0,0,0,0,0,0,0,0,0,0,0,0,0,0,0,0,0,0,0,0,0,0,0,1,0,0,0,0,0,0,0,0,0,0,0,0,0,0,0,0,0,0,0,0,0,0,1798_actives_new.sdf
[H]c1nc(C([H])([H])N([H])C(=O)c2c([H])n(C([H])([H])C([H])([H])[H])c3c([H])c([H])c(S(=O)(=O)N4C([H])([H])C([H])([H])C([H])([H])C([H])([H])C4([H])[H])c([H])c3c2=O)c([H])c([H])c1[H],0,0,1,8,0,0,1,0,2,0,0,0,1,0,0,0,0,0,0,0,0,0,0,0,0,0,0,0,0,0,0,0,0,0,0,0,0,0,0,0,0,0,0,0,0,0,0,0,0,0,0,0,0,0,2,0,0,0,0,2,1,0,0,0,0,0,0,0,0,0,0,0,0,0,0,0,0,0,0,0,0,1798_actives_new.sdf
[H]c1c([H])c([H])c(-c2nnn(-c3nc(OC([H])([H])C([H])([H])[H])nc(N4C([H])([H])C([H])([H])C([H])([H])C([H])([H])C4([H])[H])n3)c2C(=O)OC([H])([H])C([H])([H])[H])c([H])c1[H],0,0,1,9,0,0,0,0,1,0,0,0,1,0,0,0,0,0,1,0,0,0,0,0,0,1,1,0,0,0,0,0,0,0,0,0,0,0,0,0,0,0,0,1,0,0,0,0,0,0,0,0,0,0,0,0,0,0,0,0,0,0,0,0,0,0,0,0,0,0,0,0,0,0,0,0,0,0,0,0,0,1798_actives_new.sdf
[H]O[C@]([H])(C([H])([H])n1nc(C([H])([H])[H])c(C(=O)C([H])([H])[H])c1C([H])([H])[H])C([H])([H])n1c2c(c3c([H])c(C([H])([H])[H])c([H])c([H])c31)C([H])([H])C([H])([H])C([H])([H])C2=O,0,1,2,10,0,0,0,0,0,0,0,0,1,0,0,0,0,0,0,0,0,0,0,0,0,0,0,0,0,0,0,0,0,0,0,0,0,0,0,0,0,0,0,0,0,0,0,0,0,0,0,0,0,0,0,0,0,0,0,0,0,0,0,0,0,0,0,0,0,0,0,0,0,0,0,0,0,0,0,0,0,1798_actives_new.sdf
[H]c1nc([H])c([H])c(C(=O)c2c([H])c([H])c(N3C([H])([H])C([H])([H])N([C@]4([H])C(=O)N(C([H])([H])c5c([H])c([H])c([H])c([H])c5[H])C(=O)C4([H])[H])C([H])([H])C3([H])[H])c([H])c2[H])c1[H],0,0,3,7,0,0,2,0,3,1,0,0,2,0,0,0,0,0,0,0,0,0,0,0,0,0,0,0,0,0,0,0,0,0,1,0,0,0,0,0,0,2,0,0,0,0,0,0,0,0,0,0,0,0,1,0,0,0,0,0,0,0,0,0,0,0,0,0,0,0,0,0,0,0,0,0,0,0,0,0,0,1798_actives_new.sdf
[H]c1c(OC([H])([H])[H])c(OC([H])([H])[H])c(OC([H])([H])[H])c([H])c1[C@]1([H])C([H])([H])C(=O)c2c(C([H])([H])[H])c(C(=O)OC([H])([H])C([H])([H])OC([H])(C([H])([H])[H])C([H])([H])[H])n([H])c2C1([H])[H],0,0,2,12,0,0,0,0,0,0,0,0,1,0,0,0,0,0,1,0,0,0,0,0,0,1,2,0,0,0,0,0,0,0,0,0,0,0,0,0,0,0,0,2,0,0,0,0,3,0,0,0,0,0,0,0,0,0,0,0,0,0,0,0,0,0,0,0,0,0,0,0,0,0,0,0,0,0,0,0,0,1798_actives_new.sdf
[H]O[C@]([H])(C([H])([H])Oc1c([H])c(C([H])([H])[H])c([H])c([H])c1C([H])([H])[H])C([H])([H])N1[C@]([H])(C([H])([H])[H])C([H])([H])C([H])([H])C([H])([H])[C@@]1([H])C([H])([H])[H],0,1,0,12,0,0,0,0,1,0,0,0,1,0,0,0,0,0,0,0,0,0,0,0,0,0,0,0,0,0,0,0,0,0,0,0,0,0,0,0,0,0,0,0,0,0,0,0,1,0,0,0,0,0,0,0,0,0,0,0,0,0,0,0,0,0,0,0,0,0,0,0,0,0,0,0,0,0,0,0,0,1798_actives_new.sdf
[H]c1nc(N2C([H])([H])C([H])([H])N(c3c([H])c([H])c([H])c([H])c3OC([H])([H])[H])C([H])([H])C2([H])[H])c2oc3c([H])c([H])c([H])c([H])c3c2n1,0,0,0,5,0,0,0,0,2,1,0,0,2,0,0,0,0,0,0,0,0,0,0,0,0,0,0,0,0,0,0,0,0,0,0,0,0,0,0,0,0,0,0,0,0,0,0,0,1,0,0,0,0,0,0,0,0,0,0,0,0,0,0,0,0,0,0,0,0,0,0,0,0,0,0,0,0,0,0,0,0,1798_actives_new.sdf
[H]c1sc2c([H])c(C(=O)N3C([H])([H])C([H])([H])C([H])(C(=O)N([H])C([H])([H])C([H])([H])C([H])([H])SC4([H])C([H])([H])C([H])([H])C([H])([H])C([H])([H])C4([H])[H])C([H])([H])C3([H])[H])n(C([H])([H])C([H])([H])[H])c2c1[H],0,0,2,16,0,0,2,0,2,0,0,0,0,0,0,0,0,0,0,0,0,0,0,0,0,0,0,0,0,0,0,0,0,0,0,0,0,0,0,0,0,0,0,0,0,0,0,0,0,0,0,0,0,0,0,0,0,0,2,0,0,0,0,0,0,0,0,0,0,0,0,0,1,0,0,1,0,0,0,0,0,1798_actives_new.sdf
[H]C1=C([H])[C@@]2([H])C([H])([H])C([H])([H])N1C([H])([H])[C@@]2([H])c1c([H])c([H])c([H])c([H])c1[H],0,0,0,5,1,0,0,0,1,0,0,0,1,0,0,0,0,0,0,0,0,0,0,0,0,0,0,0,0,0,0,0,0,0,0,0,0,0,0,0,0,0,0,0,0,0,0,0,0,0,0,0,0,0,0,0,0,0,0,0,0,0,0,0,0,0,0,0,0,0,0,0,0,0,0,0,0,0,0,1,0,1798_actives_new.sdf
[H]c1c([H])c([H])c(C([H])([H])n2nnc3c(=O)n(C([H])([H])c4c([H])c([H])c([H])c(C([H])([H])[H])c4[H])c([H])nc32)c(F)c1[H],0,0,0,3,0,0,0,0,0,0,0,0,2,0,0,0,0,0,0,0,0,0,0,0,0,0,0,1,0,1,0,0,0,0,0,0,0,0,0,0,0,0,0,0,0,0,0,0,0,0,0,0,0,0,0,0,0,0,0,0,0,0,0,0,0,0,0,0,0,0,0,0,0,0,0,0,0,0,0,0,0,1798_actives_new.sdf
[H]OC(=O)[C@]1([H])C([H])([H])N2C([H])([H])C([H])([H])C1([H])C([H])([H])C2([H])[H],0,1,1,7,0,0,0,0,1,0,0,0,0,0,0,0,0,0,1,0,0,0,0,0,0,0,0,0,0,0,0,0,0,0,0,0,0,0,0,0,0,0,0,0,0,0,0,0,0,0,0,0,0,0,0,0,0,0,0,0,0,0,0,0,0,0,0,0,0,0,0,0,0,0,0,0,0,0,0,0,0,1798_actives_new.sdf
[H]Oc1c([H])c([H])c(-c2nc3c([H])c(C([H])([H])[H])c([H])c([H])n3c2N([H])C([H])([H])[C@@]2([H])OC([H])([H])C([H])([H])C2([H])[H])c([H])c1OC([H])([H])C([H])([H])[H],0,1,0,8,0,0,0,0,1,0,0,0,1,0,0,0,0,0,0,0,0,0,0,0,0,0,1,0,0,0,0,0,0,0,0,1,0,0,0,0,0,0,0,1,0,0,0,0,2,0,0,0,0,0,1,0,0,0,0,0,0,0,0,0,0,0,0,0,0,0,0,0,0,0,0,0,0,0,0,0,0,1798_actives_new.sdf
[H]c1c(OC([H])([H])C([H])([H])[H])c([H])c2c([H])c(C#N)c(N([H])C([H])([H])C([H])([H])N([H])C(=O)C([H])([H])C([H])([H])[H])nc2c1[H],0,0,1,6,0,0,1,0,3,0,0,0,1,0,0,0,0,0,0,1,0,0,0,0,0,0,0,0,0,0,0,0,0,0,0,0,0,0,0,0,0,0,0,0,1,0,0,0,1,0,0,0,0,0,1,0,0,0,0,0,0,0,0,0,0,0,0,0,0,0,0,0,0,0,0,0,0,0,0,0,0,1798_actives_new.sdf
[H]c1c([H])c(N([H])C(=O)N([H])c2c([H])c([H])c(C(=O)OC([H])([H])C([H])([H])[H])c([H])c2[H])c([H])c(OC([H])([H])[H])c1OC([H])([H])[H],0,0,2,4,0,0,2,0,2,2,0,0,2,0,0,0,0,0,1,0,0,0,0,0,0,1,1,0,0,0,0,0,0,0,0,0,0,0,0,0,0,0,0,1,0,0,0,0,2,0,0,0,0,0,0,0,0,0,0,0,0,0,0,0,0,0,0,0,0,0,0,0,0,0,0,0,0,0,1,0,0,1798_actives_new.sdf
[H]c1c([H])c(N([H])C(=O)C([H])([H])N2C([H])([H])C([H])([H])N(c3nc4c([H])c([H])c([H])c([H])c4n3C([H])(C([H])([H])[H])C([H])([H])[H])C([H])([H])C2([H])[H])c([H])c2c1OC([H])([H])C([H])([H])O2,0,0,1,10,0,0,1,0,3,1,0,0,2,0,0,0,0,0,0,0,0,0,0,0,0,0,0,0,0,0,0,0,0,0,0,1,0,0,0,0,0,0,0,0,0,0,0,0,2,0,0,0,0,0,0,0,0,0,0,0,0,0,0,0,0,0,0,0,0,0,0,0,0,0,0,0,0,0,0,0,0,1798_actives_new.sdf
[H]O[C@@]12O[C@](N([H])C(=O)[C@]3([H])C([H])=C4c5c([H])c([H])c([H])c6c5c(c([H])n6[H])C([H])([H])[C@@]4([H])N(C([H])([H])[H])C3([H])[H])(C([H])(C([H])([H])[H])C([H])([H])[H])C(=O)N1[C@@]([H])(C([H])(C([H])([H])[H])C([H])([H])[H])C(=O)N1C([H])([H])C([H])([H])C([H])([H])[C@]12[H],0,1,3,18,1,0,3,0,4,0,0,0,1,0,0,0,0,0,0,0,0,0,0,0,0,0,1,0,0,0,0,0,0,0,0,0,0,0,0,0,0,0,0,1,0,0,0,0,0,0,0,0,0,0,0,0,0,0,0,0,0,0,0,0,0,0,0,0,0,0,0,0,0,0,0,0,0,0,0,1,0,1798_actives_new.sdf
[H]O[C@]1([H])[C@@]([H])(O[H])[C@@]([H])(O[H])C([H])([H])O[C@@]1([H])n1c([H])c([H])c2c([H])c3nc(C([H])([H])[H])c([H])c(C([H])([H])[H])c3c([H])c21,0,3,0,7,0,0,0,0,0,0,0,0,1,0,0,0,0,0,0,0,0,0,0,0,0,0,1,0,0,0,0,0,0,0,0,0,0,0,0,0,0,0,0,1,0,0,0,0,0,0,0,0,0,0,1,0,0,0,0,0,0,0,0,0,0,0,0,0,0,0,0,0,0,0,0,0,0,0,0,0,0,1798_actives_new.sdf
[H]c1c([H])c(C([H])([H])C([H])([H])[H])c([H])c([H])c1-c1nc2nc(C([H])([H])[H])c(C([H])([H])[H])nn2c1[H],0,0,0,4,0,0,0,0,0,0,0,0,1,0,0,0,0,0,0,0,0,0,0,0,0,0,0,0,0,0,0,0,0,0,0,1,0,0,0,0,0,0,0,0,0,0,0,0,0,0,0,0,0,0,0,0,0,0,0,0,0,0,0,0,0,0,0,0,0,0,0,0,0,0,0,0,0,0,0,0,0,1798_actives_new.sdf
[H]C1=NC2=NC(c3c([H])c([H])c([H])c([H])c3[H])=C([H])[C@]([H])(c3c([H])c([H])c(OC([H])([H])C([H])([H])[H])c([H])c3[H])N2N1[H],0,0,0,3,1,0,0,3,4,0,0,0,2,0,0,0,0,0,0,0,0,0,0,0,0,0,0,0,1,0,0,1,0,0,0,0,2,0,0,0,0,0,0,0,0,0,0,0,1,0,0,0,0,0,0,0,0,0,0,0,0,0,0,0,0,0,0,0,0,0,0,0,0,0,0,0,0,0,0,1,0,1798_actives_new.sdf
[H]c1oc([C@]([H])(/N=c2\c([H])c([H])c([H])c([H])n2C(=O)N([H])c2c([H])c([H])c(Cl)c([H])c2[H])C([H])([H])[H])c([H])c1[H],0,0,1,2,0,0,1,0,2,1,0,0,1,0,0,0,0,0,0,0,0,0,0,0,0,0,0,0,0,1,0,0,0,0,0,0,0,0,0,0,0,0,0,0,0,0,0,0,0,0,0,0,0,0,1,0,0,0,0,0,0,0,0,0,0,0,0,0,0,0,0,0,0,0,0,0,0,0,0,0,0,1798_actives_new.sdf
[H]c1c([H])c([H])c(C([H])([H])[H])c(N([H])c2c([H])c3c([H])c([H])c([H])c([H])c3c(=O)n2[H])c1[H],0,0,0,1,0,0,0,0,1,1,0,0,2,0,0,0,0,0,0,0,0,0,0,0,0,0,0,0,0,0,0,0,0,0,0,0,0,0,0,0,0,0,0,0,0,0,0,0,0,0,0,0,0,0,1,0,0,0,0,0,0,0,0,0,0,0,0,0,0,0,0,0,0,0,0,0,0,0,0,0,0,1798_actives_new.sdf
[H]c1nc2c(S(=O)(=O)N3C([H])([H])C([H])([H])C([H])([H])[C@@]([H])(C(=O)N([H])c4c([H])c(OC([H])([H])[H])c([H])c([H])c4OC([H])([H])[H])C3([H])[H])c([H])c([H])c([H])c2c([H])c1[H],0,0,1,7,0,0,1,0,2,1,0,0,2,0,0,0,0,0,0,0,0,0,0,0,0,0,0,0,0,0,0,0,0,0,0,0,0,0,0,0,0,0,0,0,0,0,0,0,2,0,0,0,0,0,1,0,0,0,0,2,1,0,0,0,0,0,0,0,0,0,0,0,0,0,0,0,0,0,0,0,0,1798_actives_new.sdf
[H]c1c([H])c(-c2nn3c(N4C([H])([H])C([H])([H])C([H])([H])[C@]([H])(C(=O)OC([H])([H])C([H])([H])[H])C4([H])[H])c([H])c(C([H])([H])[H])nc3c2[H])c([H])c([H])c1F,0,0,1,8,0,0,0,0,1,0,0,0,1,0,0,0,0,0,1,0,0,0,0,0,0,1,1,1,0,1,0,0,0,0,0,0,0,0,0,0,0,0,0,1,0,0,0,0,0,0,0,0,0,0,0,0,0,0,0,0,0,0,0,0,0,0,0,0,0,0,0,0,0,0,0,0,0,0,0,0,0,1798_actives_new.sdf
[H]c1nc2c(S(=O)(=O)N3C([H])([H])C([H])([H])C([H])([H])[C@@]([H])(C(=O)N([H])c4c([H])c([H])c([H])c(C(=O)C([H])([H])[H])c4[H])C3([H])[H])c([H])c([H])c([H])c2c([H])c1[H],0,0,2,6,0,0,1,0,2,1,0,0,2,0,0,0,0,0,0,0,0,0,0,0,0,0,0,0,0,0,0,0,0,0,0,0,0,0,0,0,0,0,0,0,0,0,0,0,0,0,0,0,0,0,1,0,0,0,0,2,1,0,0,0,0,0,0,0,0,0,0,0,0,0,0,0,0,0,0,0,0,1798_actives_new.sdf
[H]/C(=C1\C2=C(C([H])([H])C([H])([H])C1([H])[H])[C@@]([H])(c1c(C([H])([H])[H])nn(C([H])([H])C([H])([H])[H])c1C([H])([H])[H])C(C#N)=C(N([H])[H])O2)c1c(C([H])([H])[H])nn(C([H])([H])C([H])([H])[H])c1C([H])([H])[H],0,0,0,12,3,0,0,0,2,0,0,0,0,0,0,0,0,0,0,1,0,0,0,0,0,0,1,0,0,0,0,0,0,0,0,0,0,0,0,0,0,0,0,1,1,0,0,0,0,0,0,0,0,0,0,0,0,0,0,0,0,0,0,0,0,0,0,0,0,0,0,0,0,0,0,0,0,0,0,3,0,1798_actives_new.sdf
[H]c1c([H])c([H])c(N2C([H])([H])C([H])([H])N(c3nc(N([H])[H])c4c(N([H])[H])nc(OC([H])([H])[H])c([H])c4c3C#N)C([H])([H])C2([H])[H])c(OC([H])([H])[H])c1[H],0,0,0,6,0,0,0,0,5,1,0,0,1,0,0,0,0,0,0,1,0,0,0,0,0,0,0,0,0,0,0,0,0,0,0,0,0,0,0,0,0,0,0,0,1,0,0,0,1,0,0,0,0,0,2,0,0,0,0,0,0,0,0,0,0,0,0,0,0,0,0,0,0,0,0,0,0,0,0,0,0,1798_actives_new.sdf
[H]O[C@]([H])(C([H])([H])Oc1c([H])c([H])c(C(=O)C([H])([H])C([H])([H])[H])c([H])c1[H])C([H])([H])n1c(C([H])([H])[H])nc2c([H])c([H])c([H])c([H])c21,0,1,1,6,0,0,0,0,0,0,0,0,2,0,0,0,0,0,0,0,0,0,0,0,0,0,0,0,0,0,0,0,0,0,0,1,0,0,0,0,0,0,0,0,0,0,0,0,1,0,0,0,0,0,0,0,0,0,0,0,0,0,0,0,0,0,0,0,0,0,0,0,0,0,0,0,0,0,0,0,0,1798_actives_new.sdf
[H]/C(c1c([H])c(C([H])([H])[H])n(C([H])([H])[H])c1C([H])([H])[H])=c1/sc2n(c1=O)[C@]([H])(c1c([H])c([H])c(OC([H])([H])[H])c([H])c1OC([H])([H])[H])C(C(=O)C([H])([H])[H])=C(C([H])([H])[H])N=2,0,0,1,8,1,0,0,0,1,0,0,0,1,0,0,0,0,0,0,0,0,0,0,0,1,0,0,0,0,0,0,0,0,0,0,0,0,0,0,0,1,0,0,0,0,0,0,0,2,0,0,0,0,0,0,0,0,0,0,0,0,0,0,0,0,0,0,0,0,0,0,0,0,0,0,0,0,0,0,1,0,1798_actives_new.sdf
[H]c1c([H])c([H])c(N2C([H])([H])C([H])([H])N(c3c([H])c(C([H])([H])[H])nc4nc5c([H])c([H])c([H])c([H])c5n34)C([H])([H])C2([H])[H])c([H])c1[H],0,0,0,5,0,0,0,0,2,1,0,0,2,0,0,0,0,0,0,0,0,0,0,0,0,0,0,0,0,0,0,0,0,0,0,1,0,0,0,0,0,0,0,0,0,0,0,0,0,0,0,0,0,0,0,0,0,0,0,0,0,0,0,0,0,0,0,0,0,0,0,0,0,0,0,0,0,0,0,0,0,1798_actives_new.sdf
[H]/C(=C1/C(=O)N(c2c([H])c([H])c(OC([H])([H])[H])c([H])c2[H])C(=O)c2c([H])c([H])c([H])c([H])c21)N([H])n1c([H])nnc1[H],0,0,2,1,1,0,2,0,2,1,0,0,2,0,0,0,0,0,0,0,0,0,0,0,0,0,0,0,0,0,0,0,0,0,1,0,0,0,0,0,0,0,0,0,0,0,0,0,1,0,0,0,0,0,0,0,0,0,0,0,0,0,0,0,0,0,0,0,0,0,0,0,0,0,0,0,0,1,0,1,1,1798_actives_new.sdf
[H]c1sc(N2C([H])([H])C([H])([H])N(C(=O)C([H])([H])c3sc([H])c([H])c3[H])C([H])([H])C2([H])[H])nc1-c1c([H])c([H])c(Cl)c([H])c1[H],0,0,1,5,0,0,1,0,2,0,0,0,1,0,0,0,0,0,0,0,0,0,0,0,0,0,0,0,0,1,0,0,0,0,0,0,0,0,0,0,0,0,0,0,0,0,0,0,0,0,0,0,0,0,0,0,0,0,0,0,0,0,0,0,0,0,0,0,0,0,0,0,0,0,0,1,0,0,0,0,0,1798_actives_new.sdf
[H]c1nc(N([H])C([H])([H])C([H])([H])C([H])([H])OC([H])(C([H])([H])[H])C([H])([H])[H])c2c(n1)c1c([H])c(F)c([H])c([H])c1n2[H],0,0,0,6,0,0,0,0,1,0,0,0,1,0,0,0,0,0,0,0,0,0,0,0,0,0,1,1,0,1,0,0,0,0,0,0,0,0,0,0,0,0,0,1,0,0,0,0,0,0,0,0,0,0,0,0,0,0,0,0,0,0,0,0,0,0,0,0,0,0,0,0,0,0,0,0,0,0,0,0,0,1798_actives_new.sdf
[H]c1c([H])c(C([H])([H])[H])c([H])c([H])c1-c1nc2nc(C([H])([H])[H])c(C([H])([H])[H])nn2c1[H],0,0,0,3,0,0,0,0,0,0,0,0,1,0,0,0,0,0,0,0,0,0,0,0,0,0,0,0,0,0,0,0,0,0,0,1,0,0,0,0,0,0,0,0,0,0,0,0,0,0,0,0,0,0,0,0,0,0,0,0,0,0,0,0,0,0,0,0,0,0,0,0,0,0,0,0,0,0,0,0,0,1798_actives_new.sdf
[H]C([H])=C1c2c([H])c(OC([H])([H])[H])c([H])c([H])c2N([H])C(=O)N1C([H])([H])C([H])([H])[H],0,0,1,3,1,0,2,0,2,1,0,0,1,0,0,0,0,0,0,0,0,0,0,0,0,0,0,0,0,0,0,0,0,0,0,0,0,0,0,0,0,0,0,0,0,0,0,0,1,0,0,0,0,0,0,0,0,0,0,0,0,0,0,0,0,0,0,0,0,0,0,0,0,0,0,0,0,0,1,1,0,1798_actives_new.sdf
[H]c1c([H])c([H])c2c(c1[H])C([H])([H])N(C([H])([H])c1c(C(=O)OC([H])([H])C([H])([H])[H])nnn1-c1nonc1N([H])[H])C([H])([H])C2([H])[H],0,0,1,6,0,0,0,0,2,0,0,0,1,0,0,0,0,0,1,0,0,0,0,0,0,1,1,0,0,0,0,0,0,0,0,0,0,0,0,0,0,0,0,1,0,0,0,0,0,0,0,0,0,0,0,0,0,0,0,0,0,0,0,0,0,0,0,0,0,0,0,0,0,0,0,0,0,0,0,0,1,1798_actives_new.sdf
[H]c1c([H])c([H])c(N2C([H])([H])C([H])([H])N(C([H])([H])C(=O)N([H])c3c(C(=O)OC([H])([H])[H])n(C([H])([H])[H])c4c([H])c([H])c([H])c(C([H])([H])[H])c34)C([H])([H])C2([H])[H])c([H])c1[H],0,0,2,8,0,0,1,0,3,1,0,0,2,0,0,0,0,0,1,0,0,0,0,0,0,1,1,0,0,0,0,0,0,0,0,0,0,0,0,0,0,0,0,1,0,0,0,0,0,0,0,0,0,0,0,0,0,0,0,0,0,0,0,0,0,0,0,0,0,0,0,0,0,0,0,0,0,0,0,0,0,1798_actives_new.sdf
[H]c1c([H])c([H])c(C([H])([H])c2nc(C#N)c(N([H])C([H])([H])C([H])([H])c3c([H])c([H])c(OC([H])([H])[H])c(OC([H])([H])[H])c3[H])o2)c([H])c1[H],0,0,0,5,0,0,0,0,2,0,0,0,2,0,0,0,0,0,0,1,0,0,0,0,0,0,0,0,0,0,0,0,0,0,0,0,0,0,0,0,0,0,0,0,1,0,0,0,2,0,0,0,0,0,0,0,0,0,0,0,0,0,0,0,0,0,0,0,0,0,0,0,0,0,0,0,0,0,0,0,0,1798_actives_new.sdf
[H]OC(=O)c1c([H])c(Cl)c(Cl)c([H])c1C(=O)N1C([H])([H])C([H])([H])C([H])([H])[C@]([H])(OC([H])([H])C([H])([H])C([H])([H])[H])C1([H])[H],0,1,2,8,0,0,1,0,1,0,0,0,1,0,0,0,0,0,1,0,0,0,0,0,0,0,1,0,0,2,0,0,0,0,0,0,0,0,0,0,0,0,0,1,0,0,0,0,0,0,0,0,0,0,0,0,0,0,0,0,0,0,0,0,0,0,0,0,0,0,0,0,0,0,0,0,0,0,0,0,1,1798_actives_new.sdf
[H]c1c([H])c([H])c(N2C([H])([H])N([H])C(=O)C23C([H])([H])C([H])([H])N(C([H])([H])C([H])([H])C([H])([H])C(=O)c2c([H])c([H])c(F)c([H])c2[H])C([H])([H])C3([H])[H])c([H])c1[H],0,0,2,9,0,0,1,0,3,1,0,0,2,0,0,0,0,0,0,0,0,0,0,0,0,0,0,1,0,1,0,0,0,0,0,0,0,0,0,0,0,0,0,0,0,0,0,0,0,0,0,0,0,0,0,0,0,0,0,0,0,0,0,0,0,0,0,0,0,0,0,0,0,0,0,0,0,0,0,0,0,1798_actives_new.sdf
[H]C1=C([H])N2[C@]([H])(c3c([H])c([H])c([H])c([H])c31)[C@@]1([H])C(=O)N(c3c([H])c([H])c([H])c(Cl)c3[H])C(=O)[C@@]1([H])[C@]2([H])C(=O)C([H])([H])[H],0,0,3,5,1,0,2,0,2,1,0,0,2,0,0,0,0,0,0,0,0,0,0,0,0,0,0,0,0,1,0,0,0,0,1,0,0,0,0,0,1,2,0,0,0,0,0,0,0,0,0,0,0,0,0,0,0,0,0,0,0,0,0,0,0,0,0,0,0,0,0,0,0,0,0,0,0,0,0,1,1,1798_actives_new.sdf
[H]O[C@]([H])(C([H])([H])Oc1c([H])c([H])c([H])c([H])c1C([H])([H])C([H])=C([H])[H])C([H])([H])N1C([H])([H])C([H])([H])N(C(=O)OC([H])([H])C([H])([H])[H])C([H])([H])C1([H])[H],0,1,1,10,1,0,1,0,2,0,0,0,1,0,0,1,0,0,1,0,0,0,0,0,0,1,1,0,0,0,0,0,0,0,0,0,0,0,0,0,0,0,0,1,0,0,0,0,1,0,0,0,0,0,0,0,0,0,0,0,0,0,0,0,0,0,0,0,0,0,0,0,0,0,0,0,0,0,0,1,0,1798_actives_new.sdf
[H]C1=C(Br)C(=O)/C(=C(\[H])N([H])n2c(C([H])([H])[H])nnc2C([H])([H])[H])C([H])=C1Br,0,0,1,2,3,0,0,0,1,0,0,0,0,0,0,0,0,0,0,0,0,0,0,0,0,0,0,0,0,2,0,0,0,0,0,0,0,0,0,0,1,0,0,0,0,0,0,0,0,0,0,0,0,0,0,0,0,0,0,0,0,0,0,0,0,0,0,0,0,0,0,0,0,0,0,0,0,1,0,3,0,1798_actives_new.sdf
[H]c1c([H])c(C([H])([H])[H])c2c(c([H])c([C@]([H])(c3nnnn3C3([H])C([H])([H])C([H])([H])C([H])([H])C([H])([H])C3([H])[H])N3C([H])([H])C([H])([H])C([H])(C(=O)OC([H])([H])C([H])([H])[H])C([H])([H])C3([H])[H])c(=O)n2[H])c1C([H])([H])[H],0,0,1,16,0,0,0,0,1,0,0,0,1,0,0,0,0,0,1,0,0,0,0,0,0,1,1,0,0,0,0,0,0,0,0,0,0,0,0,0,0,0,0,1,0,0,0,0,0,0,0,0,0,0,1,0,0,0,0,0,0,0,0,0,0,0,1,0,0,0,0,0,0,0,0,0,0,0,0,0,0,1798_actives_new.sdf
[H]c1c(C(=O)N2C([H])([H])C([H])([H])C([H])([H])[C@]([H])(C(=O)OC([H])([H])C([H])([H])[H])C2([H])[H])oc(C([H])([H])S(=O)(=O)c2c([H])c([H])c(C([H])([H])[H])c([H])c2[H])c1[H],0,0,2,9,0,0,1,0,1,0,0,0,1,0,0,0,0,0,1,0,0,0,0,0,0,1,1,0,0,0,0,0,0,0,0,0,0,0,0,0,0,0,0,1,0,0,0,0,0,0,0,0,0,0,0,0,0,0,1,0,0,0,0,0,0,0,0,0,0,0,0,0,0,0,0,0,0,0,0,0,0,1798_actives_new.sdf
[H]c1nc([H])c(C(=O)/N=c2\c(C(=O)OC([H])([H])C([H])([H])[H])c([H])c3c(=O)n4c([H])c([H])c([H])c([H])c4nc3n2C([H])([H])C([H])([H])C([H])([H])C([H])([H])[H])c([H])c1[H],0,0,2,6,0,0,1,0,1,0,0,0,0,0,0,0,0,0,1,0,0,0,0,0,0,1,1,0,0,0,0,0,0,0,0,0,0,0,0,0,0,0,0,1,0,0,0,0,0,0,0,0,0,0,3,0,0,0,0,0,0,0,0,0,0,0,0,0,0,0,0,0,0,0,0,0,0,0,0,0,0,1798_actives_new.sdf
[H]C1=NC2=NC(c3c([H])c([H])c(F)c([H])c3[H])=C([H])[C@]([H])(c3c([H])c([H])c(OC([H])([H])C([H])([H])[H])c([H])c3[H])N2N1[H],0,0,0,3,1,0,0,3,4,0,0,0,2,0,0,0,0,0,0,0,0,0,0,0,0,0,0,1,1,1,0,1,0,0,0,0,2,0,0,0,0,0,0,0,0,0,0,0,1,0,0,0,0,0,0,0,0,0,0,0,0,0,0,0,0,0,0,0,0,0,0,0,0,0,0,0,0,0,0,1,0,1798_actives_new.sdf
[H]c1nc([H])c(C([H])([H])N(C(=O)N([H])c2c([H])c([H])c([H])c([H])c2[H])C([H])([H])c2c([H])c3c([H])c(OC([H])([H])[H])c([H])c([H])c3n([H])c2=O)c([H])c1[H],0,0,1,3,0,0,2,0,2,1,0,0,2,0,0,0,0,0,0,0,0,0,0,0,0,0,0,0,0,0,0,0,0,0,0,0,0,0,0,0,0,0,0,0,0,0,0,0,1,0,0,0,0,0,2,0,0,0,0,0,0,0,0,0,0,0,0,0,0,0,0,0,0,0,0,0,0,0,1,0,0,1798_actives_new.sdf
[H]/N=c1\c(C(=O)N([H])C([H])([H])c2c([H])c([H])c(F)c([H])c2[H])c([H])c2c(=O)n3c([H])c([H])c([H])c([H])c3nc2n1C([H])([H])[C@@]1([H])OC([H])([H])C([H])([H])C1([H])[H],0,0,1,6,0,0,1,0,2,0,0,0,1,0,0,0,0,0,0,0,0,0,0,0,0,0,1,1,0,1,0,0,0,0,0,0,0,0,0,0,0,0,0,1,0,0,0,0,0,0,0,0,0,0,2,0,0,0,0,0,0,0,0,0,0,0,0,0,0,0,0,0,0,0,0,0,0,0,0,0,0,1798_actives_new.sdf
[H]C1=C(c2c([H])c([H])c(Cl)c([H])c2[H])N=C2N=C(N([H])S(=O)(=O)C([H])([H])[H])N([H])N2[C@@]1([H])c1c([H])c([H])c([H])c([H])c1OC([H])([H])[H],0,0,0,3,1,0,0,4,5,0,0,0,2,0,0,0,0,0,0,0,0,0,0,0,0,0,0,0,2,1,0,1,0,0,0,0,2,0,0,0,0,0,0,0,0,0,0,0,1,0,0,0,0,0,0,0,0,0,1,2,1,0,0,0,0,0,0,0,0,0,0,0,0,0,0,0,0,0,0,1,0,1798_actives_new.sdf
[H]c1c([H])c([H])c(C([H])([H])C([H])([H])N([H])C(=O)c2oc3c([H])c([H])c(S(=O)(=O)N4C([H])([H])C([H])([H])OC([H])([H])C4([H])[H])c([H])c3c2C([H])([H])[H])c([H])c1[H],0,0,1,7,0,0,1,0,2,0,0,0,2,0,0,0,0,0,0,0,0,0,0,0,0,0,1,0,0,0,0,0,0,0,0,0,0,0,0,0,0,0,0,1,0,0,0,0,0,0,0,0,0,0,0,0,0,0,0,2,1,0,0,0,0,0,0,0,0,0,0,0,0,0,0,0,0,0,0,0,0,1798_actives_new.sdf
[H]c1oc([C@]2([H])C(C#N)=C(N([H])[H])Oc3c2sc2c([H])c([H])c([H])c([H])c32)c([H])c1[H],0,0,0,1,1,0,0,0,2,0,0,0,1,0,0,0,0,0,0,1,0,0,0,0,0,0,0,0,0,0,0,0,0,0,0,0,0,0,0,0,0,0,0,0,1,0,0,0,0,0,0,0,0,0,0,0,0,0,0,0,0,0,0,0,0,0,0,0,0,0,0,0,0,0,0,1,0,0,0,1,0,1798_actives_new.sdf
[H]C1=C2C(C#N)=C(N([H])[H])C(C#N)(C#N)[C@]([H])(c3c([H])c([H])c([H])c(OC([H])([H])[H])c3OC([H])([H])[H])[C@@]2([H])C([H])([H])N(C([H])([H])C([H])([H])[H])C1([H])[H],0,0,0,9,2,0,0,0,5,0,0,0,1,0,0,0,0,0,0,3,0,0,0,0,1,0,0,0,0,0,0,0,0,0,0,0,0,0,0,0,0,0,0,0,3,0,0,0,2,0,0,0,0,0,0,0,0,0,0,0,0,0,0,0,0,0,0,0,0,0,0,0,0,0,0,0,0,0,0,2,0,1798_actives_new.sdf
[H]c1c([H])c([H])c(C([H])([H])C([H])([H])N([H])C(=O)[C@@]([H])(C#N)c2nc3c([H])c([H])c([H])c([H])c3nc2N2C([H])([H])C([H])([H])C([H])([H])C([H])([H])C2([H])[H])c([H])c1[H],0,0,1,8,0,0,1,0,3,0,0,0,2,0,0,0,0,0,0,1,0,0,0,0,0,0,0,0,0,0,0,0,0,0,0,0,0,0,0,0,0,0,0,0,1,0,0,0,0,0,0,0,0,0,0,0,0,0,0,0,0,0,0,0,0,0,0,0,0,0,0,0,0,0,0,0,0,0,0,0,0,1798_actives_new.sdf
[H]c1nc([H])c(-c2nc(N(C([H])([H])C(=O)N([H])c3c([H])c([H])c4c(c3[H])OC([H])([H])C([H])([H])O4)C([H])([H])C([H])([H])[H])c3c([H])c([H])c([H])c([H])c3n2)c([H])c1[H],0,0,1,5,0,0,1,0,2,1,0,0,2,0,0,0,0,0,0,0,0,0,0,0,0,0,0,0,0,0,0,0,0,0,0,0,0,0,0,0,0,0,0,0,0,0,0,0,2,0,0,0,0,0,1,0,0,0,0,0,0,0,0,0,0,0,0,0,0,0,0,0,0,0,0,0,0,0,0,0,0,1798_actives_new.sdf
[H]c1nc([H])c(C(=O)/N=c2\c(C#N)c([H])c3c(=O)n4c([H])c([H])c([H])c(C([H])([H])[H])c4nc3n2C([H])([H])[C@@]2([H])OC([H])([H])C([H])([H])C2([H])[H])c([H])c1[H],0,0,1,6,0,0,1,0,2,0,0,0,0,0,0,0,0,0,0,1,0,0,0,0,0,0,1,0,0,0,0,0,0,0,0,0,0,0,0,0,0,0,0,1,1,0,0,0,0,0,0,0,0,0,3,0,0,0,0,0,0,0,0,0,0,0,0,0,0,0,0,0,0,0,0,0,0,0,0,0,0,1798_actives_new.sdf
[H]c1nc(N2C([H])([H])C([H])([H])N(C(=O)c3c(C([H])([H])[H])nn(-c4c([H])c([H])c([H])c([H])c4[H])c3Cl)C([H])([H])C2([H])[H])c2c([H])nn(-c3c([H])c([H])c([H])c([H])c3[H])c2n1,0,0,1,5,0,0,1,0,2,0,0,0,2,0,0,0,0,0,0,0,0,0,0,0,0,0,0,0,0,1,0,0,0,0,0,0,0,0,0,0,0,0,0,0,0,0,0,0,0,0,0,0,0,0,0,0,0,0,0,0,0,0,0,0,0,0,0,0,0,0,0,0,0,0,0,0,0,0,0,0,0,1798_actives_new.sdf
[H]c1c([H])c(N2C([H])([H])C([H])([H])N(c3nc4c([H])c([H])c([H])c([H])c4nc3[C@@]([H])(C#N)C(=O)N([H])C3([H])C([H])([H])C([H])([H])C([H])([H])C([H])([H])C3([H])[H])C([H])([H])C2([H])[H])c([H])c([H])c1F,0,0,1,11,0,0,1,0,4,1,0,0,2,0,0,0,0,0,0,1,0,0,0,0,0,0,0,1,0,1,0,0,0,0,0,0,0,0,0,0,0,0,0,0,1,0,0,0,0,0,0,0,0,0,0,0,0,0,0,0,0,0,0,0,0,0,0,0,0,0,0,0,0,0,0,0,0,0,0,0,0,1798_actives_new.sdf
[H]c1c([H])c(C([H])([H])N2C(=O)N(C([H])([H])C(=O)N3C([H])([H])C([H])([H])C([H])([H])[C@]([H])(C(=O)OC([H])([H])C([H])([H])[H])C3([H])[H])C([H])([H])C2([H])[H])c([H])c([H])c1Cl,0,0,3,11,0,0,3,0,3,0,0,0,1,0,0,0,0,0,1,0,0,0,0,0,0,1,1,0,0,1,0,0,0,0,0,0,0,0,0,0,0,0,0,1,0,0,0,0,0,0,0,0,0,0,0,0,0,0,0,0,0,0,0,0,0,0,0,0,0,0,0,0,0,0,0,0,0,0,1,0,0,1798_actives_new.sdf
[H]c1nc(N2C([H])([H])C([H])([H])C([H])([H])[C@]([H])(C(=O)OC([H])([H])C([H])([H])[H])C2([H])[H])c2c([H])nn(-c3c([H])c([H])c([H])c(C([H])([H])[H])c3[H])c2n1,0,0,1,8,0,0,0,0,1,0,0,0,1,0,0,0,0,0,1,0,0,0,0,0,0,1,1,0,0,0,0,0,0,0,0,0,0,0,0,0,0,0,0,1,0,0,0,0,0,0,0,0,0,0,0,0,0,0,0,0,0,0,0,0,0,0,0,0,0,0,0,0,0,0,0,0,0,0,0,0,0,1798_actives_new.sdf
[H]c1c([H])c([C@]2([H])C([H])([H])[C@@]2(C#N)c2nc3c([H])c([H])c([H])c([H])c3n2[H])c([H])c2c1OC([H])([H])O2,0,0,0,4,0,0,0,0,1,0,0,0,2,0,0,0,0,0,0,1,1,0,0,0,0,0,0,0,0,0,0,0,0,0,0,1,0,0,0,0,0,0,0,0,1,0,0,0,2,0,0,0,0,0,0,0,0,0,0,0,0,0,0,0,0,0,0,0,0,0,0,0,0,0,0,0,0,0,0,0,0,1798_actives_new.sdf
[H]c1nc([H])c([H])c(C(=O)/N=c2\c(C#N)c([H])c3c(=O)n4c([H])c([H])c([H])c([H])c4nc3n2C([H])([H])C([H])([H])C([H])([H])OC([H])(C([H])([H])[H])C([H])([H])[H])c1[H],0,0,1,6,0,0,1,0,2,0,0,0,0,0,0,0,0,0,0,1,0,0,0,0,0,0,1,0,0,0,0,0,0,0,0,0,0,0,0,0,0,0,0,1,1,0,0,0,0,0,0,0,0,0,3,0,0,0,0,0,0,0,0,0,0,0,0,0,0,0,0,0,0,0,0,0,0,0,0,0,0,1798_actives_new.sdf
[H]c1c([H])c2c3c(c([H])c([H])c([H])c3c1[H])C(N1C([H])([H])C([H])([H])N(C(=O)OC([H])([H])C([H])([H])[H])C([H])([H])C1([H])[H])=N2,0,0,1,6,0,0,1,1,3,1,0,0,2,0,0,1,0,0,1,0,0,0,0,0,0,1,1,0,0,0,0,0,0,0,0,0,1,0,0,0,0,0,0,1,0,0,0,0,0,0,0,0,0,0,0,0,0,0,0,0,0,0,0,0,0,0,0,0,0,0,0,0,0,0,0,0,0,0,0,0,0,1798_actives_new.sdf
[H]c1c([H])c2c(c([H])c1N([H])C(=O)C1([H])C([H])([H])C([H])([H])C([H])([H])C([H])([H])C1([H])[H])C(=O)OC2([H])[H],0,0,2,7,0,0,1,0,1,1,0,0,1,0,0,0,0,0,1,0,0,0,0,0,0,1,1,0,0,0,0,0,0,0,0,0,0,0,0,0,0,0,0,1,0,0,0,0,0,0,0,0,0,0,0,0,0,0,0,0,0,0,0,0,0,0,0,0,0,0,0,0,0,0,0,0,0,0,0,0,1,1798_actives_new.sdf
[H]/N=c1/c2c3c(sc2nc2n1C([H])([H])C([H])([H])C([H])([H])C([H])([H])C2([H])[H])C([H])([H])C([H])([H])C([H])([H])C([H])([H])C3([H])[H],0,0,0,10,0,0,0,0,1,0,0,0,0,0,0,0,0,0,0,0,0,0,0,0,0,0,0,0,0,0,0,0,0,0,0,0,0,0,0,0,0,0,0,0,0,0,0,0,0,0,0,0,0,0,0,0,0,0,0,0,0,0,0,0,0,0,0,0,0,0,0,0,0,0,0,1,0,0,0,0,0,1798_actives_new.sdf
[H]c1c(C([H])([H])[H])oc([C@@]2([H])C(C#N)=C(N([H])[H])Oc3c2sc2c([H])c([H])c([H])c([H])c32)c1[H],0,0,0,2,1,0,0,0,2,0,0,0,1,0,0,0,0,0,0,1,0,0,0,0,0,0,0,0,0,0,0,0,0,0,0,0,0,0,0,0,0,0,0,0,1,0,0,0,0,0,0,0,0,0,0,0,0,0,0,0,0,0,0,0,0,0,0,0,0,0,0,0,0,0,0,1,0,0,0,1,0,1798_actives_new.sdf
[H]OC(=O)c1c([H])c2c([H])c([H])c(N(C([H])([H])C([H])([H])[H])C([H])([H])C([H])([H])[H])c([H])c2oc1=O,0,1,1,4,0,0,0,0,1,1,0,0,1,0,0,0,0,0,1,0,0,0,0,0,0,0,0,0,0,0,0,0,0,0,0,0,0,0,0,0,0,0,0,0,0,0,0,0,0,0,0,0,0,0,0,0,0,0,0,0,0,0,0,0,0,0,0,0,0,0,0,0,0,0,0,0,0,0,0,0,0,1798_actives_new.sdf
[H]c1c([H])c2c(c([H])c1N([H])C(=O)C([H])([H])C([H])([H])N1C([H])([H])C([H])([H])C([H])([H])[C@@]([H])(C(=O)OC([H])([H])C([H])([H])[H])C1([H])[H])C([H])([H])C([H])([H])C2([H])[H],0,0,2,12,0,0,1,0,2,1,0,0,1,0,0,0,0,0,1,0,0,0,0,0,0,1,1,0,0,0,0,0,0,0,0,0,0,0,0,0,0,0,0,1,0,0,0,0,0,0,0,0,0,0,0,0,0,0,0,0,0,0,0,0,0,0,0,0,0,0,0,0,0,0,0,0,0,0,0,0,1,1798_actives_new.sdf
[H]OC(=O)C([H])([H])N1C(=O)[C@]2(C(C#N)=C(N([H])[H])Oc3c([H])c(C([H])([H])[H])oc(=O)c32)c2c([H])c([H])c([H])c([H])c21,0,1,2,3,1,0,1,0,3,1,0,0,1,0,0,0,0,0,1,1,0,0,0,0,0,0,0,0,0,0,0,0,0,0,0,0,0,0,0,0,0,0,0,0,1,0,0,0,0,0,0,0,0,0,0,0,0,0,0,0,0,0,0,0,0,0,0,0,0,0,0,0,0,0,0,0,0,0,0,1,0,1798_actives_new.sdf
[H]/C(=C1/C(=O)N(c2c([H])c([H])c(C([H])([H])[H])c([H])c2[H])C(=O)c2c([H])c([H])c([H])c([H])c21)N([H])n1c([H])nnc1[H],0,0,2,1,1,0,2,0,2,1,0,0,2,0,0,0,0,0,0,0,0,0,0,0,0,0,0,0,0,0,0,0,0,0,1,0,0,0,0,0,0,0,0,0,0,0,0,0,0,0,0,0,0,0,0,0,0,0,0,0,0,0,0,0,0,0,0,0,0,0,0,0,0,0,0,0,0,1,0,1,1,1798_actives_new.sdf
[H]c1c([H])c([H])c(N2C([H])([H])C([H])([H])N(C(=O)C([H])([H])C([H])([H])C([H])([H])C3=NS(=O)(=O)c4c([H])c([H])c([H])c([H])c4N3[H])C([H])([H])C2([H])[H])c(OC([H])([H])[H])c1[H],0,0,1,8,0,0,1,1,4,2,0,0,2,0,0,0,0,0,0,0,0,0,0,0,0,0,0,0,0,0,0,0,0,0,0,0,1,0,0,0,0,0,0,0,0,0,0,0,1,0,0,0,0,0,0,0,0,0,0,2,1,0,0,0,0,0,0,0,0,0,0,0,0,0,0,0,0,0,0,0,0,1798_actives_new.sdf
[H]/C(=N/n1c([H])nnc1[H])c1oc(-c2c([H])c([H])c(Cl)c(C(=O)OC([H])([H])C([H])([H])[H])c2[H])c([H])c1[H],0,0,1,2,0,0,0,0,1,0,0,0,1,0,0,0,0,0,1,0,0,0,0,0,0,1,1,0,0,1,0,0,0,0,0,0,1,0,0,0,0,0,0,1,0,0,0,0,0,0,0,0,0,0,0,0,0,0,0,0,0,0,0,0,0,0,0,0,0,0,0,0,0,0,0,0,0,1,0,0,0,1798_actives_new.sdf
[H]/C(=C1/N=C(c2c([H])c([H])c([H])c([H])c2[H])OC1=O)N([H])c1c([H])c([H])c(N(C([H])([H])[H])C([H])([H])[H])c([H])c1[H],0,0,1,2,1,0,0,0,3,2,0,0,2,0,0,0,0,0,1,0,0,0,0,0,1,1,1,0,0,0,0,0,0,0,0,0,1,0,0,0,0,0,0,1,0,0,0,0,0,0,0,0,0,0,0,0,0,0,0,0,0,0,0,0,0,0,0,0,0,0,0,0,0,0,0,0,0,0,0,1,0,1798_actives_new.sdf
[H]c1c([H])c([H])c(-c2noc(-c3c([H])c([H])c([H])c([H])c3C(=O)N([H])c3c([H])c([H])c([H])c([H])c3OC([H])([H])[H])n2)c(OC([H])([H])[H])c1[H],0,0,1,2,0,0,1,0,1,1,0,0,3,0,0,0,0,0,0,0,0,0,0,0,0,0,0,0,0,0,0,0,0,0,0,0,0,0,0,0,0,0,0,0,0,0,0,0,2,0,0,0,0,0,0,0,0,0,0,0,0,0,0,0,0,0,0,0,0,0,0,0,0,0,0,0,0,0,0,0,0,1798_actives_new.sdf
[H]C1=C2C(C#N)=C(N([H])[H])C(C#N)(C#N)[C@@]([H])(C([H])([H])C([H])([H])c3c([H])c([H])c([H])c([H])c3[H])[C@@]2([H])C([H])([H])N(C([H])([H])[H])C1([H])[H],0,0,0,8,2,0,0,0,5,0,0,0,1,0,0,0,0,0,0,3,0,0,0,0,1,0,0,0,0,0,0,0,0,0,0,0,0,0,0,0,0,0,0,0,3,0,0,0,0,0,0,0,0,0,0,0,0,0,0,0,0,0,0,0,0,0,0,0,0,0,0,0,0,0,0,0,0,0,0,2,0,1798_actives_new.sdf
[H]c1c([H])c([H])n([H])c2c([H])c(=O)c([H])c([H])c1-2,0,0,0,0,0,0,0,0,0,0,0,0,1,0,0,0,0,0,0,0,0,0,0,0,0,0,0,0,0,0,0,0,0,0,0,0,0,0,0,0,0,0,0,0,0,0,0,0,0,0,0,0,0,0,1,0,0,0,0,0,0,0,0,0,0,0,0,0,0,0,0,0,0,0,0,0,0,0,0,0,0,1798_actives_new.sdf
[H]/N=c1\c(C(=O)N([H])C([H])([H])c2c([H])c([H])c(C([H])([H])[H])c([H])c2[H])c([H])c2c(=O)n3c([H])c([H])c([H])c([H])c3nc2n1C([H])([H])c1oc([H])c([H])c1[H],0,0,1,3,0,0,1,0,2,0,0,0,1,0,0,0,0,0,0,0,0,0,0,0,0,0,0,0,0,0,0,0,0,0,0,0,0,0,0,0,0,0,0,0,0,0,0,0,0,0,0,0,0,0,2,0,0,0,0,0,0,0,0,0,0,0,0,0,0,0,0,0,0,0,0,0,0,0,0,0,0,1798_actives_new.sdf
[H]Oc1c([H])c([H])c(C([H])([H])[H])c([H])c1N([H])C(=O)c1c([H])c([H])c([H])c(N([H])C(=O)c2oc([H])c([H])c2[H])c1[H],0,1,2,1,0,0,2,0,2,2,0,0,2,0,0,0,0,0,0,0,0,0,0,0,0,0,0,0,0,0,0,0,0,0,0,0,0,0,0,0,0,0,0,0,0,0,0,0,1,0,0,0,0,0,0,0,0,0,0,0,0,0,0,0,0,0,0,0,0,0,0,0,0,0,0,0,0,0,0,0,0,1798_actives_new.sdf
[H]Oc1c([H])c([H])c(/C([H])=c2\s/c(=C(/C#N)c3nnc4n3C([H])([H])C([H])([H])C([H])([H])C([H])([H])C4([H])[H])n(C([H])([H])C([H])=C([H])[H])c2=O)c([H])c1[H],0,1,0,6,1,0,0,0,1,0,0,0,1,0,0,0,0,0,0,1,0,0,0,0,0,0,0,0,0,0,0,0,0,0,0,0,0,0,0,0,0,0,0,0,1,0,0,0,1,0,0,0,0,0,0,0,0,0,0,0,0,0,0,0,0,0,0,0,0,0,0,0,0,0,0,0,0,1,0,1,0,1798_actives_new.sdf
[H]c1c([H])c([H])c2c(oc3c([H])c([H])c(S(=O)(=O)N([H])C([H])([H])C([H])([H])OC([H])([H])C(F)(F)C([H])(F)F)c([H])c32)c1[H],0,0,0,5,0,0,0,0,1,0,0,0,2,0,0,0,0,0,0,0,0,0,0,0,0,0,1,4,0,4,0,0,0,0,0,0,0,0,0,0,0,0,0,1,0,0,0,0,0,0,0,0,0,0,0,0,0,0,0,2,1,0,0,0,0,0,0,0,0,0,0,0,0,0,0,0,0,0,0,0,0,1798_actives_new.sdf
[H]c1c([H])c(C([H])([H])[H])c(Cl)c([H])c1O[C@@]([H])(c1nnc(N([H])[H])s1)C([H])([H])[H],0,0,0,3,0,0,0,0,1,0,0,0,1,0,0,0,0,0,0,0,0,0,0,0,0,0,0,0,0,1,0,0,0,0,0,0,0,0,0,0,0,0,0,0,0,0,0,0,1,0,0,0,0,0,0,0,0,0,0,0,0,0,0,0,0,0,0,0,0,0,0,0,0,0,0,0,0,0,0,0,0,1798_actives_new.sdf
[H]c1oc(C([H])([H])n2c(SC([H])([H])C(=O)OC([H])([H])C([H])([H])[H])nc3c(sc(=S)n3C([H])([H])C([H])([H])c3c([H])c([H])c([H])c([H])c3[H])c2=O)c([H])c1[H],0,0,1,6,0,0,0,0,0,0,0,0,1,0,0,0,0,0,1,0,0,0,0,0,0,1,1,0,0,0,0,0,0,0,0,0,0,0,0,0,0,0,0,1,0,0,0,0,0,0,0,0,0,0,0,0,0,0,1,0,0,0,0,0,0,0,0,0,0,0,0,0,0,0,0,0,0,0,0,0,0,1798_actives_new.sdf
[H]c1c([H])c(N2C([H])([H])C([H])([H])N(C(=O)C3([H])C([H])([H])C([H])([H])N(S(=O)(=O)c4c([H])c([H])c([H])c5nsnc45)C([H])([H])C3([H])[H])C([H])([H])[C@@]2([H])C([H])([H])[H])c([H])c(C([H])([H])[H])c1[H],0,0,1,11,0,0,1,0,3,1,0,0,2,0,0,0,0,0,0,0,0,0,0,0,0,0,0,0,0,0,0,0,0,0,0,0,0,0,0,0,0,0,0,0,0,0,0,0,0,0,0,0,0,0,0,0,0,0,0,2,1,0,0,0,0,0,0,0,0,0,0,0,0,0,0,0,0,0,0,0,0,1798_actives_new.sdf
[H]c1oc(C(=O)N([H])c2c([H])c(OC([H])([H])[H])c(N([H])C(=O)c3c([H])c(OC([H])([H])[H])c(OC([H])([H])[H])c(OC([H])([H])[H])c3[H])c([H])c2OC([H])([H])[H])c([H])c1[H],0,0,2,5,0,0,2,0,2,2,0,0,2,0,0,0,0,0,0,0,0,0,0,0,0,0,0,0,0,0,0,0,0,0,0,0,0,0,0,0,0,0,0,0,0,0,0,0,5,0,0,0,0,0,0,0,0,0,0,0,0,0,0,0,0,0,0,0,0,0,0,0,0,0,0,0,0,0,0,0,0,1798_actives_new.sdf
[H]c1c([H])c(N(C([H])([H])[H])C([H])([H])[H])c([H])c([H])c1N([H])C(=O)C([H])([H])OC([H])([H])[H],0,0,1,4,0,0,1,0,2,2,0,0,1,0,0,0,0,0,0,0,0,0,0,0,0,0,1,0,0,0,0,0,0,0,0,0,0,0,0,0,0,0,0,1,0,0,0,0,0,0,0,0,0,0,0,0,0,0,0,0,0,0,0,0,0,0,0,0,0,0,0,0,0,0,0,0,0,0,0,0,0,1798_actives_new.sdf
[H]OC(=O)c1c([H])c([H])c([H])c([H])c1-c1oc(/C([H])=c2\sc3nc4c([H])c(Br)c([H])nc4n3c2=O)c([H])c1[H],0,1,1,0,0,0,0,0,0,0,0,0,1,0,0,0,0,0,1,0,0,0,0,0,0,0,0,0,0,1,0,0,0,0,0,1,0,0,0,0,0,0,0,0,0,0,0,0,0,0,0,0,0,0,1,0,0,0,0,0,0,0,0,0,0,0,0,0,0,0,0,0,0,0,0,0,0,0,0,0,0,1798_actives_new.sdf
[H]c1c([H])c(N2C([H])([H])C([H])([H])N(C(=O)C([H])([H])Sc3nc4c([H])c([H])c([H])c([H])c4o3)C([H])([H])C2([H])[H])c([H])c([H])c1Cl,0,0,1,5,0,0,1,0,2,1,0,0,2,0,0,0,0,0,0,0,0,0,0,0,0,0,0,0,0,1,0,0,0,0,0,0,0,0,0,0,0,0,0,0,0,0,0,0,0,0,0,0,0,0,0,0,0,0,1,0,0,0,0,0,0,0,0,0,0,0,0,0,0,0,0,0,0,0,0,0,0,1798_actives_new.sdf
[H]Oc1c(OC([H])([H])[H])c([H])c(C([H])([H])N2C([H])([H])C([H])([H])C([H])([H])[C@@]([H])(C(=O)OC([H])([H])C([H])([H])[H])C2([H])[H])c([H])c1OC([H])([H])[H],0,1,1,10,0,0,0,0,1,0,0,0,1,0,0,0,0,0,1,0,0,0,0,0,0,1,1,0,0,0,0,0,0,0,0,0,0,0,0,0,0,0,0,1,0,0,0,0,3,0,0,0,0,0,0,0,0,0,0,0,0,0,0,0,0,0,0,0,0,0,0,0,0,0,0,0,0,0,0,0,0,1798_actives_new.sdf
[H]c1c([H])c(N2C([H])([H])C([H])([H])N(C([H])([H])[H])C([H])([H])C2([H])[H])c([H])c([H])c1N([H])C(=O)c1c(OC([H])([H])[H])c([H])c2c([H])c([H])c([H])c([H])c2c1[H],0,0,1,6,0,0,1,0,3,2,0,0,3,0,0,0,0,0,0,0,0,0,0,0,0,0,0,0,0,0,0,0,0,0,0,0,0,0,0,0,0,0,0,0,0,0,0,0,1,0,0,0,0,0,0,0,0,0,0,0,0,0,0,0,0,0,0,0,0,0,0,0,0,0,0,0,0,0,0,0,0,1798_actives_new.sdf
[H]O[C@]([H])(C([H])([H])Oc1c([H])c([H])c([H])c([H])c1C([H])(C([H])([H])[H])C([H])([H])[H])C([H])([H])N1C([H])([H])C([H])([H])N(C(=O)OC([H])([H])C([H])([H])[H])C([H])([H])C1([H])[H],0,1,1,12,0,0,1,0,2,0,0,0,1,0,0,1,0,0,1,0,0,0,0,0,0,1,1,0,0,0,0,0,0,0,0,0,0,0,0,0,0,0,0,1,0,0,0,0,1,0,0,0,0,0,0,0,0,0,0,0,0,0,0,0,0,0,0,0,0,0,0,0,0,0,0,0,0,0,0,0,0,1798_actives_new.sdf
